ISO-10303-21;
HEADER;
FILE_DESCRIPTION((''),'2;1');
FILE_NAME('C-2195892-1','2021-03-26T03:53:55',('workeradm'),(
'TE Connectivity Ltd.'),'CREO PARAMETRIC BY PTC INC, 2019292',
'CREO PARAMETRIC BY PTC INC, 2019292','');
FILE_SCHEMA(('AUTOMOTIVE_DESIGN { 1 0 10303 214 1 1 1 1 }'));
ENDSEC;
DATA;
#134=CARTESIAN_POINT('',(0.E0,0.E0,-8.E-1));
#135=DIRECTION('',(0.E0,0.E0,1.E0));
#136=DIRECTION('',(-8.660254037844E-1,-5.E-1,0.E0));
#137=AXIS2_PLACEMENT_3D('',#134,#135,#136);
#139=CARTESIAN_POINT('',(0.E0,0.E0,-1.500022037779E-1));
#140=DIRECTION('',(0.E0,0.E0,-1.E0));
#141=DIRECTION('',(8.660253591495E-1,5.000000773099E-1,0.E0));
#142=AXIS2_PLACEMENT_3D('',#139,#140,#141);
#144=DIRECTION('',(9.992504868538E-7,5.772848777287E-7,-9.999999999993E-1));
#145=VECTOR('',#144,6.499992964442E-1);
#146=CARTESIAN_POINT('',(-2.857884482001E0,-1.650000375235E0,
-1.500007035563E-1));
#147=LINE('',#146,#145);
#148=CARTESIAN_POINT('',(0.E0,0.E0,-8.E-1));
#149=DIRECTION('',(0.E0,0.E0,-1.E0));
#150=DIRECTION('',(-1.E0,0.E0,0.E0));
#151=AXIS2_PLACEMENT_3D('',#148,#149,#150);
#153=CARTESIAN_POINT('',(0.E0,0.E0,-8.E-1));
#154=DIRECTION('',(0.E0,0.E0,-1.E0));
#155=DIRECTION('',(1.E0,0.E0,0.E0));
#156=AXIS2_PLACEMENT_3D('',#153,#154,#155);
#158=CARTESIAN_POINT('',(0.E0,0.E0,-8.E-1));
#159=DIRECTION('',(0.E0,0.E0,1.E0));
#160=DIRECTION('',(8.660252406906E-1,5.000002824867E-1,0.E0));
#161=AXIS2_PLACEMENT_3D('',#158,#159,#160);
#163=CARTESIAN_POINT('',(0.E0,0.E0,-1.500022037779E-1));
#164=DIRECTION('',(0.E0,0.E0,-1.E0));
#165=DIRECTION('',(-8.660254037844E-1,-5.E-1,0.E0));
#166=AXIS2_PLACEMENT_3D('',#163,#164,#165);
#168=DIRECTION('',(-1.291939293171E-6,-2.182849428197E-8,-9.999999999992E-1));
#169=VECTOR('',#168,6.499992964443E-1);
#170=CARTESIAN_POINT('',(2.857884408300E0,1.650000502888E0,-1.500007035563E-1));
#171=LINE('',#170,#169);
#172=DIRECTION('',(-6.123731069456E-1,-3.535537785830E-1,7.071060058715E-1));
#173=VECTOR('',#172,2.121317873433E-1);
#174=CARTESIAN_POINT('',(-2.857884482001E0,-1.650000375235E0,
-1.500007035563E-1));
#175=LINE('',#174,#173);
#176=CARTESIAN_POINT('',(0.E0,0.E0,4.053472051346E-7));
#177=DIRECTION('',(0.E0,0.E0,-1.E0));
#178=DIRECTION('',(5.E-1,-8.660254037844E-1,0.E0));
#179=AXIS2_PLACEMENT_3D('',#176,#177,#178);
#181=CARTESIAN_POINT('',(0.E0,0.E0,4.053472011378E-7));
#182=DIRECTION('',(0.E0,0.E0,-1.E0));
#183=DIRECTION('',(-5.E-1,8.660254037844E-1,0.E0));
#184=AXIS2_PLACEMENT_3D('',#181,#182,#183);
#186=CARTESIAN_POINT('',(0.E0,0.E0,-1.564034365575E-6));
#187=DIRECTION('',(0.E0,0.E0,1.E0));
#188=DIRECTION('',(-8.660254037844E-1,-5.E-1,0.E0));
#189=AXIS2_PLACEMENT_3D('',#186,#187,#188);
#191=CARTESIAN_POINT('',(0.E0,0.E0,-1.564034365575E-6));
#192=DIRECTION('',(0.E0,0.E0,1.E0));
#193=DIRECTION('',(5.E-1,-8.660254037844E-1,0.E0));
#194=AXIS2_PLACEMENT_3D('',#191,#192,#193);
#196=CARTESIAN_POINT('',(0.E0,0.E0,-1.564034365575E-6));
#197=DIRECTION('',(0.E0,0.E0,1.E0));
#198=DIRECTION('',(8.660254037844E-1,5.E-1,0.E0));
#199=AXIS2_PLACEMENT_3D('',#196,#197,#198);
#201=CARTESIAN_POINT('',(0.E0,0.E0,-1.564034365575E-6));
#202=DIRECTION('',(0.E0,0.E0,1.E0));
#203=DIRECTION('',(-5.E-1,8.660254037844E-1,0.E0));
#204=AXIS2_PLACEMENT_3D('',#201,#202,#203);
#206=CARTESIAN_POINT('',(0.E0,0.E0,-1.500001200264E-1));
#207=DIRECTION('',(0.E0,0.E0,-1.E0));
#208=DIRECTION('',(5.E-1,-8.660254037844E-1,0.E0));
#209=AXIS2_PLACEMENT_3D('',#206,#207,#208);
#211=DIRECTION('',(3.535533140751E-1,-6.123723021743E-1,7.071069350786E-1));
#212=VECTOR('',#211,2.121325400964E-1);
#213=CARTESIAN_POINT('',(-1.950000106339E0,3.377499258283E0,
-1.500001200266E-1));
#214=LINE('',#213,#212);
#215=CARTESIAN_POINT('',(0.E0,0.E0,-1.500001200264E-1));
#216=DIRECTION('',(0.E0,0.E0,-1.E0));
#217=DIRECTION('',(-5.000000000686E-1,8.660254037448E-1,0.E0));
#218=AXIS2_PLACEMENT_3D('',#215,#216,#217);
#220=DIRECTION('',(-3.535533136472E-1,6.123723024213E-1,7.071069350786E-1));
#221=VECTOR('',#220,2.121325400964E-1);
#222=CARTESIAN_POINT('',(1.950000106053E0,-3.377499258449E0,
-1.500001200266E-1));
#223=LINE('',#222,#221);
#224=DIRECTION('',(4.716894080237E-8,-8.162128396573E-8,-1.E0));
#225=VECTOR('',#224,2.249999879973E0);
#226=CARTESIAN_POINT('',(-1.950000106339E0,3.377499258283E0,
-1.500001200266E-1));
#227=LINE('',#226,#225);
#228=DIRECTION('',(-4.713469984479E-8,8.163969511586E-8,-1.E0));
#229=VECTOR('',#228,2.249999879973E0);
#230=CARTESIAN_POINT('',(1.950000106053E0,-3.377499258449E0,
-1.500001200266E-1));
#231=LINE('',#230,#229);
#232=CARTESIAN_POINT('',(0.E0,0.E0,-2.4E0));
#233=DIRECTION('',(0.E0,0.E0,-1.E0));
#234=DIRECTION('',(5.813351160288E-1,8.136642322677E-1,0.E0));
#235=AXIS2_PLACEMENT_3D('',#232,#233,#234);
#237=CARTESIAN_POINT('',(0.E0,0.E0,-2.4E0));
#238=DIRECTION('',(0.E0,0.E0,-1.E0));
#239=DIRECTION('',(8.660254037844E-1,5.E-1,0.E0));
#240=AXIS2_PLACEMENT_3D('',#237,#238,#239);
#242=DIRECTION('',(1.835636613606E-13,-1.E0,0.E0));
#243=VECTOR('',#242,7.765841850465E-1);
#244=CARTESIAN_POINT('',(4.E0,3.882920925240E-1,-2.4E0));
#245=LINE('',#244,#243);
#246=CARTESIAN_POINT('',(0.E0,0.E0,-2.4E0));
#247=DIRECTION('',(0.E0,0.E0,-1.E0));
#248=DIRECTION('',(9.953214533089E-1,-9.661886246017E-2,0.E0));
#249=AXIS2_PLACEMENT_3D('',#246,#247,#248);
#251=CARTESIAN_POINT('',(0.E0,0.E0,-2.4E0));
#252=DIRECTION('',(0.E0,0.E0,-1.E0));
#253=DIRECTION('',(4.139863372806E-1,-9.102830947266E-1,0.E0));
#254=AXIS2_PLACEMENT_3D('',#251,#252,#253);
#256=DIRECTION('',(-8.660254037845E-1,5.E-1,0.E0));
#257=VECTOR('',#256,7.765841850335E-1);
#258=CARTESIAN_POINT('',(-1.663729183792E0,-3.658247661396E0,-2.4E0));
#259=LINE('',#258,#257);
#260=CARTESIAN_POINT('',(0.E0,0.E0,-2.4E0));
#261=DIRECTION('',(0.E0,0.E0,-1.E0));
#262=DIRECTION('',(-5.813351160276E-1,-8.136642322686E-1,0.E0));
#263=AXIS2_PLACEMENT_3D('',#260,#261,#262);
#265=CARTESIAN_POINT('',(0.E0,0.E0,-2.4E0));
#266=DIRECTION('',(0.E0,0.E0,-1.E0));
#267=DIRECTION('',(-8.660254037844E-1,-5.E-1,0.E0));
#268=AXIS2_PLACEMENT_3D('',#265,#266,#267);
#270=DIRECTION('',(-1.835636613606E-13,1.E0,0.E0));
#271=VECTOR('',#270,7.765841850465E-1);
#272=CARTESIAN_POINT('',(-4.E0,-3.882920925240E-1,-2.4E0));
#273=LINE('',#272,#271);
#274=CARTESIAN_POINT('',(0.E0,0.E0,-2.4E0));
#275=DIRECTION('',(0.E0,0.E0,-1.E0));
#276=DIRECTION('',(-9.953214533089E-1,9.661886246017E-2,0.E0));
#277=AXIS2_PLACEMENT_3D('',#274,#275,#276);
#279=CARTESIAN_POINT('',(0.E0,0.E0,-2.4E0));
#280=DIRECTION('',(0.E0,0.E0,-1.E0));
#281=DIRECTION('',(-4.139863372806E-1,9.102830947266E-1,0.E0));
#282=AXIS2_PLACEMENT_3D('',#279,#280,#281);
#284=DIRECTION('',(8.660254037845E-1,-5.E-1,0.E0));
#285=VECTOR('',#284,7.765841850397E-1);
#286=CARTESIAN_POINT('',(1.663729183789E0,3.658247661397E0,-2.4E0));
#287=LINE('',#286,#285);
#288=CARTESIAN_POINT('',(0.E0,0.E0,-2.4E0));
#289=DIRECTION('',(0.E0,0.E0,1.E0));
#290=DIRECTION('',(-5.000000000247E-1,8.660254037702E-1,0.E0));
#291=AXIS2_PLACEMENT_3D('',#288,#289,#290);
#293=CARTESIAN_POINT('',(0.E0,0.E0,-2.4E0));
#294=DIRECTION('',(0.E0,0.E0,1.E0));
#295=DIRECTION('',(5.E-1,-8.660254037844E-1,0.E0));
#296=AXIS2_PLACEMENT_3D('',#293,#294,#295);
#298=CARTESIAN_POINT('',(2.336270816211E0,3.269955568878E0,-2.4E0));
#299=CARTESIAN_POINT('',(2.449723531282E0,3.204453613291E0,-2.410547874063E0));
#300=CARTESIAN_POINT('',(2.675119961753E0,3.074320923484E0,-2.441909093169E0));
#301=CARTESIAN_POINT('',(3.013272725027E0,2.879088334581E0,-2.519794187413E0));
#302=CARTESIAN_POINT('',(3.338307321444E0,2.691429522843E0,-2.620166889466E0));
#303=CARTESIAN_POINT('',(3.661437995972E0,2.504869940921E0,-2.744436814105E0));
#304=CARTESIAN_POINT('',(3.886188130260E0,2.375110390390E0,-2.845242238641E0));
#305=CARTESIAN_POINT('',(4.E0,2.309401076758E0,-2.9E0));
#307=CARTESIAN_POINT('',(4.E0,2.309401076758E0,-2.9E0));
#308=CARTESIAN_POINT('',(4.E0,2.183748416244E0,-2.847644724786E0));
#309=CARTESIAN_POINT('',(4.E0,1.933756810036E0,-2.750282979581E0));
#310=CARTESIAN_POINT('',(4.E0,1.571378507737E0,-2.628093887852E0));
#311=CARTESIAN_POINT('',(4.E0,1.195053850561E0,-2.525660223975E0));
#312=CARTESIAN_POINT('',(4.E0,7.967538157585E-1,-2.444389744150E0));
#313=CARTESIAN_POINT('',(4.E0,5.259013922136E-1,-2.411079711667E0));
#314=CARTESIAN_POINT('',(4.E0,3.882920925240E-1,-2.4E0));
#316=DIRECTION('',(0.E0,0.E0,1.E0));
#317=VECTOR('',#316,5.E0);
#318=CARTESIAN_POINT('',(4.E0,2.309401076758E0,-7.9E0));
#319=LINE('',#318,#317);
#320=CARTESIAN_POINT('',(4.E0,3.882920925200E-1,-8.4E0));
#321=CARTESIAN_POINT('',(4.E0,5.193264000868E-1,-8.389449678550E0));
#322=CARTESIAN_POINT('',(4.E0,7.796296606727E-1,-8.358079985748E0));
#323=CARTESIAN_POINT('',(4.E0,1.170069450152E0,-8.280194871136E0));
#324=CARTESIAN_POINT('',(4.E0,1.545325962994E0,-8.179838286202E0));
#325=CARTESIAN_POINT('',(4.E0,1.918535829310E0,-8.055538272525E0));
#326=CARTESIAN_POINT('',(4.E0,2.178011697076E0,-7.954745574868E0));
#327=CARTESIAN_POINT('',(4.E0,2.309401076758E0,-7.9E0));
#329=CARTESIAN_POINT('',(4.E0,2.309401076758E0,-7.9E0));
#330=CARTESIAN_POINT('',(3.891145464256E0,2.372248272272E0,-7.952372662928E0));
#331=CARTESIAN_POINT('',(3.674591864317E0,2.497275551491E0,-8.049754615231E0));
#332=CARTESIAN_POINT('',(3.360813767395E0,2.678435420215E0,-8.171920353238E0));
#333=CARTESIAN_POINT('',(3.034872206113E0,2.866617868361E0,-8.274361081028E0));
#334=CARTESIAN_POINT('',(2.689912610598E0,3.065780383691E0,-8.355628169491E0));
#335=CARTESIAN_POINT('',(2.455403254434E0,3.201174423600E0,-8.388924073308E0));
#336=CARTESIAN_POINT('',(2.336270816214E0,3.269955568875E0,-8.4E0));
#338=CARTESIAN_POINT('',(0.E0,0.E0,-8.4E0));
#339=DIRECTION('',(0.E0,0.E0,1.E0));
#340=DIRECTION('',(9.953214533090E-1,9.661886245903E-2,0.E0));
#341=AXIS2_PLACEMENT_3D('',#338,#339,#340);
#343=DIRECTION('',(-8.660254037844E-1,5.000000000001E-1,0.E0));
#344=VECTOR('',#343,7.765841850463E-1);
#345=CARTESIAN_POINT('',(2.336270816214E0,3.269955568875E0,-8.4E0));
#346=LINE('',#345,#344);
#347=CARTESIAN_POINT('',(0.E0,0.E0,-8.4E0));
#348=DIRECTION('',(0.E0,0.E0,1.E0));
#349=DIRECTION('',(4.139863372791E-1,9.102830947273E-1,0.E0));
#350=AXIS2_PLACEMENT_3D('',#347,#348,#349);
#352=DIRECTION('',(-8.660254037844E-1,-5.E-1,0.E0));
#353=VECTOR('',#352,7.765841850382E-1);
#354=CARTESIAN_POINT('',(-1.663729183790E0,3.658247661397E0,-8.4E0));
#355=LINE('',#354,#353);
#356=CARTESIAN_POINT('',(0.E0,0.E0,-8.4E0));
#357=DIRECTION('',(0.E0,0.E0,1.E0));
#358=DIRECTION('',(-5.813351160285E-1,8.136642322679E-1,0.E0));
#359=AXIS2_PLACEMENT_3D('',#356,#357,#358);
#361=DIRECTION('',(0.E0,-1.E0,0.E0));
#362=VECTOR('',#361,7.765841850397E-1);
#363=CARTESIAN_POINT('',(-4.E0,3.882920925197E-1,-8.4E0));
#364=LINE('',#363,#362);
#365=CARTESIAN_POINT('',(0.E0,0.E0,-8.4E0));
#366=DIRECTION('',(0.E0,0.E0,1.E0));
#367=DIRECTION('',(-9.953214533090E-1,-9.661886245903E-2,0.E0));
#368=AXIS2_PLACEMENT_3D('',#365,#366,#367);
#370=DIRECTION('',(8.660254037845E-1,-4.999999999998E-1,0.E0));
#371=VECTOR('',#370,7.765841850350E-1);
#372=CARTESIAN_POINT('',(-2.336270816208E0,-3.269955568880E0,-8.4E0));
#373=LINE('',#372,#371);
#374=CARTESIAN_POINT('',(0.E0,0.E0,-8.4E0));
#375=DIRECTION('',(0.E0,0.E0,1.E0));
#376=DIRECTION('',(-4.139863372815E-1,-9.102830947262E-1,0.E0));
#377=AXIS2_PLACEMENT_3D('',#374,#375,#376);
#379=DIRECTION('',(8.660254037844E-1,5.E-1,0.E0));
#380=VECTOR('',#379,7.765841850382E-1);
#381=CARTESIAN_POINT('',(1.663729183790E0,-3.658247661397E0,-8.4E0));
#382=LINE('',#381,#380);
#383=CARTESIAN_POINT('',(0.E0,0.E0,-8.4E0));
#384=DIRECTION('',(0.E0,0.E0,1.E0));
#385=DIRECTION('',(5.813351160285E-1,-8.136642322679E-1,0.E0));
#386=AXIS2_PLACEMENT_3D('',#383,#384,#385);
#388=DIRECTION('',(0.E0,1.E0,0.E0));
#389=VECTOR('',#388,7.765841850397E-1);
#390=CARTESIAN_POINT('',(4.E0,-3.882920925197E-1,-8.4E0));
#391=LINE('',#390,#389);
#392=CARTESIAN_POINT('',(0.E0,0.E0,-8.4E0));
#393=DIRECTION('',(0.E0,0.E0,1.E0));
#394=DIRECTION('',(1.E0,0.E0,0.E0));
#395=AXIS2_PLACEMENT_3D('',#392,#393,#394);
#397=CARTESIAN_POINT('',(0.E0,0.E0,-8.4E0));
#398=DIRECTION('',(0.E0,0.E0,1.E0));
#399=DIRECTION('',(-1.E0,0.E0,0.E0));
#400=AXIS2_PLACEMENT_3D('',#397,#398,#399);
#402=CARTESIAN_POINT('',(1.663729183787E0,3.658247661399E0,-8.4E0));
#403=CARTESIAN_POINT('',(1.550250144665E0,3.723764815183E0,-8.389449678550E0));
#404=CARTESIAN_POINT('',(1.324820908309E0,3.853916445476E0,-8.358079985747E0));
#405=CARTESIAN_POINT('',(9.866901319701E-1,4.049136340217E0,-8.280194871134E0));
#406=CARTESIAN_POINT('',(6.617084589143E-1,4.236764596637E0,-8.179838286201E0));
#407=CARTESIAN_POINT('',(3.384992337437E-1,4.423369529794E0,-8.055538272524E0));
#408=CARTESIAN_POINT('',(1.137865405906E-1,4.553107463676E0,-7.954745574867E0));
#409=CARTESIAN_POINT('',(-5.249874609111E-13,4.618802153517E0,-7.9E0));
#411=CARTESIAN_POINT('',(-5.249874609111E-13,4.618802153517E0,-7.9E0));
#412=CARTESIAN_POINT('',(-1.088545357493E-1,4.555954958E0,-7.952372662931E0));
#413=CARTESIAN_POINT('',(-3.254081356959E-1,4.430927678777E0,
-8.049754615237E0));
#414=CARTESIAN_POINT('',(-6.391862326164E-1,4.249767810054E0,
-8.171920353242E0));
#415=CARTESIAN_POINT('',(-9.651277939009E-1,4.061585361906E0,
-8.274361081032E0));
#416=CARTESIAN_POINT('',(-1.310087389415E0,3.862422846576E0,-8.355628169493E0));
#417=CARTESIAN_POINT('',(-1.544596745574E0,3.727028806670E0,-8.388924073309E0));
#418=CARTESIAN_POINT('',(-1.663729183790E0,3.658247661397E0,-8.4E0));
#420=DIRECTION('',(0.E0,0.E0,1.E0));
#421=VECTOR('',#420,5.E0);
#422=CARTESIAN_POINT('',(-5.249874609111E-13,4.618802153517E0,-7.9E0));
#423=LINE('',#422,#421);
#424=DIRECTION('',(-8.660254037844E-1,-5.E-1,0.E0));
#425=VECTOR('',#424,7.765841850382E-1);
#426=CARTESIAN_POINT('',(-1.663729183790E0,3.658247661397E0,-2.4E0));
#427=LINE('',#426,#425);
#428=CARTESIAN_POINT('',(-1.663729183790E0,3.658247661397E0,-2.4E0));
#429=CARTESIAN_POINT('',(-1.550276468721E0,3.723749616983E0,-2.410547874062E0));
#430=CARTESIAN_POINT('',(-1.324880038255E0,3.853882306787E0,-2.441909093168E0));
#431=CARTESIAN_POINT('',(-9.867272749794E-1,4.049114895691E0,
-2.519794187412E0));
#432=CARTESIAN_POINT('',(-6.616926785571E-1,4.236773707431E0,
-2.620166889466E0));
#433=CARTESIAN_POINT('',(-3.385620040361E-1,4.423333289349E0,
-2.744436814102E0));
#434=CARTESIAN_POINT('',(-1.138118697432E-1,4.553092839884E0,
-2.845242238639E0));
#435=CARTESIAN_POINT('',(-5.256535947259E-13,4.618802153517E0,-2.9E0));
#437=CARTESIAN_POINT('',(-5.256535947259E-13,4.618802153517E0,-2.9E0));
#438=CARTESIAN_POINT('',(1.088183960596E-1,4.555975823259E0,-2.847644724785E0));
#439=CARTESIAN_POINT('',(3.253174777705E-1,4.430980020154E0,-2.750282979580E0));
#440=CARTESIAN_POINT('',(6.391462933402E-1,4.249790869005E0,-2.628093887851E0));
#441=CARTESIAN_POINT('',(9.650530065242E-1,4.061628540418E0,-2.525660223975E0));
#442=CARTESIAN_POINT('',(1.309990954993E0,3.862478523015E0,-2.444389744149E0));
#443=CARTESIAN_POINT('',(1.544556034461E0,3.727052311242E0,-2.411079711666E0));
#444=CARTESIAN_POINT('',(1.663729183789E0,3.658247661397E0,-2.4E0));
#446=CARTESIAN_POINT('',(-4.E0,3.882920925225E-1,-2.4E0));
#447=CARTESIAN_POINT('',(-4.E0,5.192960036980E-1,-2.410547874063E0));
#448=CARTESIAN_POINT('',(-4.E0,7.795613833110E-1,-2.441909093170E0));
#449=CARTESIAN_POINT('',(-4.E0,1.170026561117E0,-2.519794187414E0));
#450=CARTESIAN_POINT('',(-4.E0,1.545344184588E0,-2.620166889465E0));
#451=CARTESIAN_POINT('',(-4.E0,1.918463348440E0,-2.744436814108E0));
#452=CARTESIAN_POINT('',(-4.E0,2.177982449499E0,-2.845242238642E0));
#453=CARTESIAN_POINT('',(-4.E0,2.309401076758E0,-2.9E0));
#455=CARTESIAN_POINT('',(-4.E0,2.309401076758E0,-2.9E0));
#456=CARTESIAN_POINT('',(-3.891181603941E0,2.372227407016E0,-2.847644724785E0));
#457=CARTESIAN_POINT('',(-3.674682522231E0,2.497223210121E0,-2.750282979580E0));
#458=CARTESIAN_POINT('',(-3.360853706658E0,2.678412361271E0,-2.628093887851E0));
#459=CARTESIAN_POINT('',(-3.034946993474E0,2.866574689859E0,-2.525660223975E0));
#460=CARTESIAN_POINT('',(-2.690009045008E0,3.065724707259E0,-2.444389744149E0));
#461=CARTESIAN_POINT('',(-2.455443965539E0,3.201150919033E0,-2.411079711666E0));
#462=CARTESIAN_POINT('',(-2.336270816210E0,3.269955568878E0,-2.4E0));
#464=DIRECTION('',(0.E0,0.E0,1.E0));
#465=VECTOR('',#464,5.E0);
#466=CARTESIAN_POINT('',(-4.E0,2.309401076758E0,-7.9E0));
#467=LINE('',#466,#465);
#468=CARTESIAN_POINT('',(-2.336270816210E0,3.269955568878E0,-8.4E0));
#469=CARTESIAN_POINT('',(-2.449749855335E0,3.204438415092E0,-8.389449678549E0));
#470=CARTESIAN_POINT('',(-2.675179091696E0,3.074286784796E0,-8.358079985746E0));
#471=CARTESIAN_POINT('',(-3.013309868034E0,2.879066890056E0,-8.280194871133E0));
#472=CARTESIAN_POINT('',(-3.338291541087E0,2.691438633637E0,-8.179838286200E0));
#473=CARTESIAN_POINT('',(-3.661500766262E0,2.504833700478E0,-8.055538272522E0));
#474=CARTESIAN_POINT('',(-3.886213459411E0,2.375095766597E0,-7.954745574866E0));
#475=CARTESIAN_POINT('',(-4.E0,2.309401076758E0,-7.9E0));
#477=CARTESIAN_POINT('',(-4.E0,2.309401076758E0,-7.9E0));
#478=CARTESIAN_POINT('',(-4.E0,2.183706685734E0,-7.952372662927E0));
#479=CARTESIAN_POINT('',(-4.E0,1.933652127302E0,-8.049754615228E0));
#480=CARTESIAN_POINT('',(-4.E0,1.571332389847E0,-8.171920353237E0));
#481=CARTESIAN_POINT('',(-4.E0,1.194967493559E0,-8.274361081026E0));
#482=CARTESIAN_POINT('',(-4.E0,7.966424629010E-1,-8.355628169489E0));
#483=CARTESIAN_POINT('',(-4.E0,5.258543830760E-1,-8.388924073308E0));
#484=CARTESIAN_POINT('',(-4.E0,3.882920925197E-1,-8.4E0));
#486=CARTESIAN_POINT('',(-2.336270816208E0,-3.269955568880E0,-2.4E0));
#487=CARTESIAN_POINT('',(-2.449723531278E0,-3.204453613294E0,
-2.410547874062E0));
#488=CARTESIAN_POINT('',(-2.675119961749E0,-3.074320923487E0,
-2.441909093169E0));
#489=CARTESIAN_POINT('',(-3.013272725022E0,-2.879088334584E0,
-2.519794187412E0));
#490=CARTESIAN_POINT('',(-3.338307321443E0,-2.691429522845E0,
-2.620166889466E0));
#491=CARTESIAN_POINT('',(-3.661437995968E0,-2.504869940925E0,
-2.744436814103E0));
#492=CARTESIAN_POINT('',(-3.886188130259E0,-2.375110390391E0,
-2.845242238640E0));
#493=CARTESIAN_POINT('',(-4.E0,-2.309401076759E0,-2.9E0));
#495=CARTESIAN_POINT('',(-4.E0,-2.309401076759E0,-2.9E0));
#496=CARTESIAN_POINT('',(-4.E0,-2.183748416242E0,-2.847644724784E0));
#497=CARTESIAN_POINT('',(-4.E0,-1.933756810029E0,-2.750282979579E0));
#498=CARTESIAN_POINT('',(-4.E0,-1.571378507731E0,-2.628093887850E0));
#499=CARTESIAN_POINT('',(-4.E0,-1.195053850554E0,-2.525660223974E0));
#500=CARTESIAN_POINT('',(-4.E0,-7.967538157521E-1,-2.444389744149E0));
#501=CARTESIAN_POINT('',(-4.E0,-5.259013922110E-1,-2.411079711666E0));
#502=CARTESIAN_POINT('',(-4.E0,-3.882920925240E-1,-2.4E0));
#504=DIRECTION('',(0.E0,0.E0,1.E0));
#505=VECTOR('',#504,5.E0);
#506=CARTESIAN_POINT('',(-4.E0,-2.309401076759E0,-7.9E0));
#507=LINE('',#506,#505);
#508=CARTESIAN_POINT('',(-4.E0,-3.882920925200E-1,-8.4E0));
#509=CARTESIAN_POINT('',(-4.E0,-5.193264000881E-1,-8.389449678550E0));
#510=CARTESIAN_POINT('',(-4.E0,-7.796296606758E-1,-8.358079985747E0));
#511=CARTESIAN_POINT('',(-4.E0,-1.170069450156E0,-8.280194871135E0));
#512=CARTESIAN_POINT('',(-4.E0,-1.545325962996E0,-8.179838286202E0));
#513=CARTESIAN_POINT('',(-4.E0,-1.918535829312E0,-8.055538272524E0));
#514=CARTESIAN_POINT('',(-4.E0,-2.178011697078E0,-7.954745574867E0));
#515=CARTESIAN_POINT('',(-4.E0,-2.309401076759E0,-7.9E0));
#517=CARTESIAN_POINT('',(-4.E0,-2.309401076759E0,-7.9E0));
#518=CARTESIAN_POINT('',(-3.891145464254E0,-2.372248272274E0,
-7.952372662930E0));
#519=CARTESIAN_POINT('',(-3.674591864311E0,-2.497275551496E0,
-8.049754615233E0));
#520=CARTESIAN_POINT('',(-3.360813767387E0,-2.678435420220E0,
-8.171920353241E0));
#521=CARTESIAN_POINT('',(-3.034872206104E0,-2.866617868367E0,
-8.274361081030E0));
#522=CARTESIAN_POINT('',(-2.689912610592E0,-3.065780383696E0,
-8.355628169492E0));
#523=CARTESIAN_POINT('',(-2.455403254427E0,-3.201174423605E0,
-8.388924073308E0));
#524=CARTESIAN_POINT('',(-2.336270816208E0,-3.269955568880E0,-8.4E0));
#526=CARTESIAN_POINT('',(1.663729183790E0,-3.658247661397E0,-2.4E0));
#527=CARTESIAN_POINT('',(1.550276468721E0,-3.723749616983E0,-2.410547874062E0));
#528=CARTESIAN_POINT('',(1.324880038254E0,-3.853882306787E0,-2.441909093168E0));
#529=CARTESIAN_POINT('',(9.867272749785E-1,-4.049114895691E0,
-2.519794187412E0));
#530=CARTESIAN_POINT('',(6.616926785554E-1,-4.236773707432E0,
-2.620166889466E0));
#531=CARTESIAN_POINT('',(3.385620040358E-1,-4.423333289350E0,
-2.744436814102E0));
#532=CARTESIAN_POINT('',(1.138118697426E-1,-4.553092839884E0,
-2.845242238639E0));
#533=CARTESIAN_POINT('',(-3.406164239550E-13,-4.618802153517E0,-2.9E0));
#535=CARTESIAN_POINT('',(-3.406164239550E-13,-4.618802153517E0,-2.9E0));
#536=CARTESIAN_POINT('',(-1.088183960588E-1,-4.555975823260E0,
-2.847644724786E0));
#537=CARTESIAN_POINT('',(-3.253174777675E-1,-4.430980020156E0,
-2.750282979582E0));
#538=CARTESIAN_POINT('',(-6.391462933425E-1,-4.249790869005E0,
-2.628093887851E0));
#539=CARTESIAN_POINT('',(-9.650530065254E-1,-4.061628540418E0,
-2.525660223976E0));
#540=CARTESIAN_POINT('',(-1.309990954989E0,-3.862478523019E0,
-2.444389744150E0));
#541=CARTESIAN_POINT('',(-1.544556034462E0,-3.727052311242E0,
-2.411079711666E0));
#542=CARTESIAN_POINT('',(-1.663729183792E0,-3.658247661396E0,-2.4E0));
#544=DIRECTION('',(0.E0,0.E0,1.E0));
#545=VECTOR('',#544,5.E0);
#546=CARTESIAN_POINT('',(-3.407644536916E-13,-4.618802153517E0,-7.9E0));
#547=LINE('',#546,#545);
#548=DIRECTION('',(8.660254037844E-1,5.E-1,0.E0));
#549=VECTOR('',#548,7.765841850382E-1);
#550=CARTESIAN_POINT('',(1.663729183790E0,-3.658247661397E0,-2.4E0));
#551=LINE('',#550,#549);
#552=CARTESIAN_POINT('',(-1.663729183791E0,-3.658247661397E0,-8.4E0));
#553=CARTESIAN_POINT('',(-1.550250144666E0,-3.723764815183E0,
-8.389449678549E0));
#554=CARTESIAN_POINT('',(-1.324820908303E0,-3.853916445481E0,
-8.358079985746E0));
#555=CARTESIAN_POINT('',(-9.866901319652E-1,-4.049136340221E0,
-8.280194871132E0));
#556=CARTESIAN_POINT('',(-6.617084589132E-1,-4.236764596639E0,
-8.179838286200E0));
#557=CARTESIAN_POINT('',(-3.384992337364E-1,-4.423369529799E0,
-8.055538272520E0));
#558=CARTESIAN_POINT('',(-1.137865405881E-1,-4.553107463679E0,
-7.954745574865E0));
#559=CARTESIAN_POINT('',(-3.407644536916E-13,-4.618802153517E0,-7.9E0));
#561=CARTESIAN_POINT('',(-3.407644536916E-13,-4.618802153517E0,-7.9E0));
#562=CARTESIAN_POINT('',(1.088545357495E-1,-4.555954958E0,-7.952372662931E0));
#563=CARTESIAN_POINT('',(3.254081356978E-1,-4.430927678775E0,
-8.049754615237E0));
#564=CARTESIAN_POINT('',(6.391862326167E-1,-4.249767810053E0,
-8.171920353243E0));
#565=CARTESIAN_POINT('',(9.651277939020E-1,-4.061585361905E0,
-8.274361081032E0));
#566=CARTESIAN_POINT('',(1.310087389417E0,-3.862422846575E0,-8.355628169493E0));
#567=CARTESIAN_POINT('',(1.544596745575E0,-3.727028806670E0,-8.388924073309E0));
#568=CARTESIAN_POINT('',(1.663729183790E0,-3.658247661397E0,-8.4E0));
#570=CARTESIAN_POINT('',(4.E0,-2.309401076759E0,-2.9E0));
#571=CARTESIAN_POINT('',(3.891181603941E0,-2.372227407016E0,-2.847644724785E0));
#572=CARTESIAN_POINT('',(3.674682522231E0,-2.497223210120E0,-2.750282979581E0));
#573=CARTESIAN_POINT('',(3.360853706657E0,-2.678412361272E0,-2.628093887851E0));
#574=CARTESIAN_POINT('',(3.034946993473E0,-2.866574689859E0,-2.525660223975E0));
#575=CARTESIAN_POINT('',(2.690009045008E0,-3.065724707259E0,-2.444389744149E0));
#576=CARTESIAN_POINT('',(2.455443965539E0,-3.201150919033E0,-2.411079711666E0));
#577=CARTESIAN_POINT('',(2.336270816210E0,-3.269955568878E0,-2.4E0));
#579=CARTESIAN_POINT('',(4.E0,-3.882920925225E-1,-2.4E0));
#580=CARTESIAN_POINT('',(4.E0,-5.192960036925E-1,-2.410547874062E0));
#581=CARTESIAN_POINT('',(4.E0,-7.795613832986E-1,-2.441909093168E0));
#582=CARTESIAN_POINT('',(4.E0,-1.170026561108E0,-2.519794187412E0));
#583=CARTESIAN_POINT('',(4.E0,-1.545344184589E0,-2.620166889466E0));
#584=CARTESIAN_POINT('',(4.E0,-1.918463348424E0,-2.744436814102E0));
#585=CARTESIAN_POINT('',(4.E0,-2.177982449493E0,-2.845242238639E0));
#586=CARTESIAN_POINT('',(4.E0,-2.309401076759E0,-2.9E0));
#588=DIRECTION('',(0.E0,0.E0,1.E0));
#589=VECTOR('',#588,5.E0);
#590=CARTESIAN_POINT('',(4.E0,-2.309401076759E0,-7.9E0));
#591=LINE('',#590,#589);
#592=CARTESIAN_POINT('',(2.336270816210E0,-3.269955568878E0,-8.4E0));
#593=CARTESIAN_POINT('',(2.449749855333E0,-3.204438415093E0,-8.389449678550E0));
#594=CARTESIAN_POINT('',(2.675179091692E0,-3.074286784798E0,-8.358079985747E0));
#595=CARTESIAN_POINT('',(3.013309868029E0,-2.879066890058E0,-8.280194871134E0));
#596=CARTESIAN_POINT('',(3.338291541083E0,-2.691438633639E0,-8.179838286201E0));
#597=CARTESIAN_POINT('',(3.661500766259E0,-2.504833700479E0,-8.055538272523E0));
#598=CARTESIAN_POINT('',(3.886213459410E0,-2.375095766598E0,-7.954745574866E0));
#599=CARTESIAN_POINT('',(4.E0,-2.309401076759E0,-7.9E0));
#601=CARTESIAN_POINT('',(4.E0,-2.309401076759E0,-7.9E0));
#602=CARTESIAN_POINT('',(4.E0,-2.183706685724E0,-7.952372662931E0));
#603=CARTESIAN_POINT('',(4.E0,-1.933652127278E0,-8.049754615237E0));
#604=CARTESIAN_POINT('',(4.E0,-1.571332389836E0,-8.171920353241E0));
#605=CARTESIAN_POINT('',(4.E0,-1.194967493541E0,-8.274361081031E0));
#606=CARTESIAN_POINT('',(4.E0,-7.966424628779E-1,-8.355628169493E0));
#607=CARTESIAN_POINT('',(4.E0,-5.258543830663E-1,-8.388924073308E0));
#608=CARTESIAN_POINT('',(4.E0,-3.882920925197E-1,-8.4E0));
#610=DIRECTION('',(0.E0,0.E0,1.E0));
#611=VECTOR('',#610,1.4E0);
#612=CARTESIAN_POINT('',(3.2E0,0.E0,-9.8E0));
#613=LINE('',#612,#611);
#614=DIRECTION('',(0.E0,0.E0,1.E0));
#615=VECTOR('',#614,1.4E0);
#616=CARTESIAN_POINT('',(-3.2E0,0.E0,-9.8E0));
#617=LINE('',#616,#615);
#618=CARTESIAN_POINT('',(0.E0,0.E0,-9.8E0));
#619=DIRECTION('',(0.E0,0.E0,1.E0));
#620=DIRECTION('',(1.E0,0.E0,0.E0));
#621=AXIS2_PLACEMENT_3D('',#618,#619,#620);
#623=CARTESIAN_POINT('',(0.E0,0.E0,-9.8E0));
#624=DIRECTION('',(0.E0,0.E0,1.E0));
#625=DIRECTION('',(-1.E0,0.E0,0.E0));
#626=AXIS2_PLACEMENT_3D('',#623,#624,#625);
#628=CARTESIAN_POINT('',(0.E0,0.E0,-9.8E0));
#629=DIRECTION('',(0.E0,0.E0,-1.E0));
#630=DIRECTION('',(9.554896565692E-1,-2.950246026848E-1,0.E0));
#631=AXIS2_PLACEMENT_3D('',#628,#629,#630);
#633=CARTESIAN_POINT('',(0.E0,0.E0,-9.8E0));
#634=DIRECTION('',(0.E0,0.E0,-1.E0));
#635=DIRECTION('',(7.071067811865E-1,-7.071067811865E-1,0.E0));
#636=AXIS2_PLACEMENT_3D('',#633,#634,#635);
#638=CARTESIAN_POINT('',(0.E0,0.E0,-9.8E0));
#639=DIRECTION('',(0.E0,0.E0,-1.E0));
#640=DIRECTION('',(-2.950246026873E-1,-9.554896565684E-1,0.E0));
#641=AXIS2_PLACEMENT_3D('',#638,#639,#640);
#643=CARTESIAN_POINT('',(0.E0,0.E0,-9.8E0));
#644=DIRECTION('',(0.E0,0.E0,-1.E0));
#645=DIRECTION('',(-9.554896565684E-1,2.950246026873E-1,0.E0));
#646=AXIS2_PLACEMENT_3D('',#643,#644,#645);
#648=CARTESIAN_POINT('',(0.E0,0.E0,-9.8E0));
#649=DIRECTION('',(0.E0,0.E0,-1.E0));
#650=DIRECTION('',(-7.071067811865E-1,7.071067811865E-1,0.E0));
#651=AXIS2_PLACEMENT_3D('',#648,#649,#650);
#653=CARTESIAN_POINT('',(0.E0,0.E0,-9.8E0));
#654=DIRECTION('',(0.E0,0.E0,-1.E0));
#655=DIRECTION('',(2.950246026873E-1,9.554896565684E-1,0.E0));
#656=AXIS2_PLACEMENT_3D('',#653,#654,#655);
#658=DIRECTION('',(0.E0,-1.E0,0.E0));
#659=VECTOR('',#658,2.161375797840E0);
#660=CARTESIAN_POINT('',(3.500000000003E0,1.080687898920E0,-9.8E0));
#661=LINE('',#660,#659);
#662=CARTESIAN_POINT('',(3.500000000003E0,-1.080687898920E0,-9.8E0));
#663=CARTESIAN_POINT('',(3.500000000003E0,-1.163511884760E0,-9.811394280560E0));
#664=CARTESIAN_POINT('',(3.500000000003E0,-1.329198088125E0,-9.836584982099E0));
#665=CARTESIAN_POINT('',(3.500000000003E0,-1.577308875821E0,-9.881009058935E0));
#666=CARTESIAN_POINT('',(3.500000000003E0,-1.826853069134E0,-9.931946666693E0));
#667=CARTESIAN_POINT('',(3.500000000004E0,-2.079254349609E0,-9.989329542294E0));
#668=CARTESIAN_POINT('',(3.500000000002E0,-2.251473613954E0,-1.003220027904E1));
#669=CARTESIAN_POINT('',(3.500000000002E0,-2.338411338855E0,-1.005472152037E1));
#671=CARTESIAN_POINT('',(3.500000000002E0,-2.338411338855E0,-1.005472152037E1));
#672=CARTESIAN_POINT('',(3.500000000002E0,-2.454568920923E0,-1.008481217367E1));
#673=CARTESIAN_POINT('',(3.499999999999E0,-2.695381917194E0,-1.015037091556E1));
#674=CARTESIAN_POINT('',(3.5E0,-3.071210112876E0,-1.026174090043E1));
#675=CARTESIAN_POINT('',(3.5E0,-3.353093770902E0,-1.035156071086E1));
#676=CARTESIAN_POINT('',(3.5E0,-3.5E0,-1.04E1));
#678=CARTESIAN_POINT('',(3.5E0,-3.5E0,-1.04E1));
#679=CARTESIAN_POINT('',(3.379885905770E0,-3.5E0,-1.036039486292E1));
#680=CARTESIAN_POINT('',(3.146786159029E0,-3.5E0,-1.028558807463E1));
#681=CARTESIAN_POINT('',(2.820923773272E0,-3.5E0,-1.018703232474E1));
#682=CARTESIAN_POINT('',(2.511995031719E0,-3.5E0,-1.009973067943E1));
#683=CARTESIAN_POINT('',(2.215677850015E0,-3.5E0,-1.002237190559E1));
#684=CARTESIAN_POINT('',(1.926866153665E0,-3.5E0,-9.953736012537E0));
#685=CARTESIAN_POINT('',(1.643283960054E0,-3.5E0,-9.893600260706E0));
#686=CARTESIAN_POINT('',(1.362328593841E0,-3.5E0,-9.841826626004E0));
#687=CARTESIAN_POINT('',(1.174538550989E0,-3.5E0,-9.812911243639E0));
#688=CARTESIAN_POINT('',(1.080687898930E0,-3.5E0,-9.8E0));
#690=CARTESIAN_POINT('',(3.500000000003E0,-1.088906742552E-12,-1.33E1));
#691=DIRECTION('',(1.E0,0.E0,0.E0));
#692=DIRECTION('',(0.E0,5.846028347122E-1,8.113196199072E-1));
#693=AXIS2_PLACEMENT_3D('',#690,#691,#692);
#695=CARTESIAN_POINT('',(3.500000000003E0,-1.088906742552E-12,-1.33E1));
#696=DIRECTION('',(1.E0,0.E0,0.E0));
#697=DIRECTION('',(0.E0,-8.749999999997E-1,4.841229182764E-1));
#698=AXIS2_PLACEMENT_3D('',#695,#696,#697);
#700=CARTESIAN_POINT('',(3.500000000003E0,-1.088906742552E-12,-1.33E1));
#701=DIRECTION('',(1.E0,0.E0,0.E0));
#702=DIRECTION('',(0.E0,-1.E0,0.E0));
#703=AXIS2_PLACEMENT_3D('',#700,#701,#702);
#705=CARTESIAN_POINT('',(3.500000000003E0,-1.088906742552E-12,-1.33E1));
#706=DIRECTION('',(1.E0,0.E0,0.E0));
#707=DIRECTION('',(0.E0,8.750000000003E-1,-4.841229182754E-1));
#708=AXIS2_PLACEMENT_3D('',#705,#706,#707);
#710=CARTESIAN_POINT('',(3.500000000003E0,-1.088906742552E-12,-1.33E1));
#711=DIRECTION('',(1.E0,0.E0,0.E0));
#712=DIRECTION('',(0.E0,1.E0,0.E0));
#713=AXIS2_PLACEMENT_3D('',#710,#711,#712);
#715=CARTESIAN_POINT('',(3.500000000003E0,-1.088906742552E-12,-1.33E1));
#716=DIRECTION('',(1.E0,0.E0,0.E0));
#717=DIRECTION('',(0.E0,-6.191890957539E-1,-7.852419141255E-1));
#718=AXIS2_PLACEMENT_3D('',#715,#716,#717);
#720=CARTESIAN_POINT('',(3.500000000002E0,2.338411338853E0,-1.005472152037E1));
#721=CARTESIAN_POINT('',(3.500000000002E0,2.251066003805E0,-1.003209468752E1));
#722=CARTESIAN_POINT('',(3.500000000004E0,2.078205712103E0,-9.989074635896E0));
#723=CARTESIAN_POINT('',(3.500000000003E0,1.825416108456E0,-9.931635013787E0));
#724=CARTESIAN_POINT('',(3.500000000003E0,1.575934775292E0,-9.880747772616E0));
#725=CARTESIAN_POINT('',(3.500000000003E0,1.328311967601E0,-9.836443976151E0));
#726=CARTESIAN_POINT('',(3.500000000003E0,1.163175190759E0,-9.811347960815E0));
#727=CARTESIAN_POINT('',(3.500000000003E0,1.080687898920E0,-9.8E0));
#729=CARTESIAN_POINT('',(1.080687898930E0,3.5E0,-9.8E0));
#730=CARTESIAN_POINT('',(1.228341085902E0,3.5E0,-9.820312978431E0));
#731=CARTESIAN_POINT('',(1.528476280199E0,3.5E0,-9.869054130277E0));
#732=CARTESIAN_POINT('',(2.007982408435E0,3.5E0,-9.970196071217E0));
#733=CARTESIAN_POINT('',(2.472437565969E0,3.5E0,-1.008761454271E1));
#734=CARTESIAN_POINT('',(2.941807636765E0,3.5E0,-1.022136971742E1));
#735=CARTESIAN_POINT('',(3.307932996136E0,3.5E0,-1.033666987988E1));
#736=CARTESIAN_POINT('',(3.5E0,3.5E0,-1.04E1));
#738=CARTESIAN_POINT('',(3.5E0,3.5E0,-1.04E1));
#739=CARTESIAN_POINT('',(3.5E0,3.392228820118E0,-1.036446468352E1));
#740=CARTESIAN_POINT('',(3.5E0,3.182567611853E0,-1.029698248974E1));
#741=CARTESIAN_POINT('',(3.5E0,2.887272626205E0,-1.020679473999E1));
#742=CARTESIAN_POINT('',(3.499999999999E0,2.606776692152E0,-1.012603595936E1));
#743=CARTESIAN_POINT('',(3.500000000002E0,2.426562379223E0,-1.007755707141E1));
#744=CARTESIAN_POINT('',(3.500000000002E0,2.338411338853E0,-1.005472152037E1));
#746=DIRECTION('',(0.E0,0.E0,-1.E0));
#747=VECTOR('',#746,3.872983346203E0);
#748=CARTESIAN_POINT('',(3.500000000002E0,3.5E0,-1.136350832690E1));
#749=LINE('',#748,#747);
#750=DIRECTION('',(-1.776341487646E-12,0.E0,1.E0));
#751=VECTOR('',#750,9.635083268983E-1);
#752=CARTESIAN_POINT('',(3.500000000002E0,3.5E0,-1.136350832690E1));
#753=LINE('',#752,#751);
#754=DIRECTION('',(-1.E0,0.E0,0.E0));
#755=VECTOR('',#754,2.161375797859E0);
#756=CARTESIAN_POINT('',(1.080687898930E0,3.5E0,-9.8E0));
#757=LINE('',#756,#755);
#758=DIRECTION('',(1.790168743648E-12,1.290543893464E-14,1.E0));
#759=VECTOR('',#758,9.635083268982E-1);
#760=CARTESIAN_POINT('',(3.5E0,3.5E0,-1.62E1));
#761=LINE('',#760,#759);
#762=CARTESIAN_POINT('',(3.5E0,-1.088906742552E-12,-1.33E1));
#763=DIRECTION('',(1.E0,0.E0,0.E0));
#764=DIRECTION('',(0.E0,-8.749999999997E-1,-4.841229182764E-1));
#765=AXIS2_PLACEMENT_3D('',#762,#763,#764);
#767=DIRECTION('',(1.796621463123E-12,-1.843634133528E-14,1.E0));
#768=VECTOR('',#767,9.635083268943E-1);
#769=CARTESIAN_POINT('',(3.5E0,-3.5E0,-1.62E1));
#770=LINE('',#769,#768);
#771=CARTESIAN_POINT('',(3.5E0,-1.088906742552E-12,-1.33E1));
#772=DIRECTION('',(1.E0,0.E0,0.E0));
#773=DIRECTION('',(0.E0,6.191890957535E-1,-7.852419141258E-1));
#774=AXIS2_PLACEMENT_3D('',#771,#772,#773);
#776=CARTESIAN_POINT('',(3.5E0,-1.088906742552E-12,-1.33E1));
#777=DIRECTION('',(1.E0,0.E0,0.E0));
#778=DIRECTION('',(0.E0,8.750000000003E-1,4.841229182754E-1));
#779=AXIS2_PLACEMENT_3D('',#776,#777,#778);
#781=CARTESIAN_POINT('',(3.5E0,-1.088906742552E-12,-1.33E1));
#782=DIRECTION('',(1.E0,0.E0,0.E0));
#783=DIRECTION('',(0.E0,-5.846028347121E-1,8.113196199074E-1));
#784=AXIS2_PLACEMENT_3D('',#781,#782,#783);
#786=DIRECTION('',(-1.776341487654E-12,0.E0,1.E0));
#787=VECTOR('',#786,9.635083268943E-1);
#788=CARTESIAN_POINT('',(3.500000000002E0,-3.5E0,-1.136350832689E1));
#789=LINE('',#788,#787);
#790=DIRECTION('',(-1.E0,0.E0,0.E0));
#791=VECTOR('',#790,3.692946837963E1);
#792=CARTESIAN_POINT('',(4.042946837963E1,3.999999999999E0,-1.33E1));
#793=LINE('',#792,#791);
#794=DIRECTION('',(1.E0,0.E0,0.E0));
#795=VECTOR('',#794,3.692946837963E1);
#796=CARTESIAN_POINT('',(3.500000000003E0,-4.000000000001E0,-1.33E1));
#797=LINE('',#796,#795);
#798=CARTESIAN_POINT('',(4.042946837963E1,-3.000000000001E0,-1.33E1));
#799=DIRECTION('',(0.E0,0.E0,-1.E0));
#800=DIRECTION('',(3.546972918850E-1,-9.349811929282E-1,0.E0));
#801=AXIS2_PLACEMENT_3D('',#798,#799,#800);
#803=CARTESIAN_POINT('',(4.042946837963E1,-1.088906742552E-12,-1.33E1));
#804=DIRECTION('',(-1.E0,0.E0,0.E0));
#805=DIRECTION('',(0.E0,-1.E0,0.E0));
#806=AXIS2_PLACEMENT_3D('',#803,#804,#805);
#808=CARTESIAN_POINT('',(4.078416567152E1,-1.088906742552E-12,-1.33E1));
#809=DIRECTION('',(1.E0,0.E0,0.E0));
#810=DIRECTION('',(0.E0,1.E0,0.E0));
#811=AXIS2_PLACEMENT_3D('',#808,#809,#810);
#813=CARTESIAN_POINT('',(4.042946837963E1,2.999999999999E0,-1.33E1));
#814=DIRECTION('',(0.E0,0.E0,1.E0));
#815=DIRECTION('',(3.546972918850E-1,9.349811929282E-1,0.E0));
#816=AXIS2_PLACEMENT_3D('',#813,#814,#815);
#818=CARTESIAN_POINT('',(4.042946837963E1,-1.088906742552E-12,-1.33E1));
#819=DIRECTION('',(-1.E0,0.E0,0.E0));
#820=DIRECTION('',(0.E0,1.E0,0.E0));
#821=AXIS2_PLACEMENT_3D('',#818,#819,#820);
#823=CARTESIAN_POINT('',(3.929137931035E1,-1.088906742552E-12,-1.33E1));
#824=DIRECTION('',(0.E0,0.E0,1.E0));
#825=DIRECTION('',(1.E0,0.E0,0.E0));
#826=AXIS2_PLACEMENT_3D('',#823,#824,#825);
#828=CARTESIAN_POINT('',(4.078416567154E1,-1.088906742552E-12,-1.33E1));
#829=DIRECTION('',(-1.E0,0.E0,0.E0));
#830=DIRECTION('',(0.E0,1.E0,0.E0));
#831=AXIS2_PLACEMENT_3D('',#828,#829,#830);
#833=CARTESIAN_POINT('',(3.929137931035E1,-1.088906742552E-12,-1.33E1));
#834=DIRECTION('',(0.E0,0.E0,-1.E0));
#835=DIRECTION('',(1.E0,0.E0,0.E0));
#836=AXIS2_PLACEMENT_3D('',#833,#834,#835);
#838=CARTESIAN_POINT('',(3.500000000002E0,-2.476756383022E0,-1.644096765650E1));
#839=CARTESIAN_POINT('',(3.500000000002E0,-2.370095855255E0,-1.646339248221E1));
#840=CARTESIAN_POINT('',(3.500000000004E0,-2.160784512048E0,-1.650545615252E1));
#841=CARTESIAN_POINT('',(3.500000000003E0,-1.860940890570E0,-1.655983077446E1));
#842=CARTESIAN_POINT('',(3.500000000003E0,-1.568949553217E0,-1.660662879343E1));
#843=CARTESIAN_POINT('',(3.500000000003E0,-1.281939344639E0,-1.664607532959E1));
#844=CARTESIAN_POINT('',(3.500000000003E0,-9.971952773744E-1,
-1.667821642451E1));
#845=CARTESIAN_POINT('',(3.500000000003E0,-7.129179632035E-1,
-1.670282747735E1));
#846=CARTESIAN_POINT('',(3.500000000003E0,-4.281262507601E-1,
-1.671955034335E1));
#847=CARTESIAN_POINT('',(3.500000000003E0,-1.426354506564E-1,
-1.672802145303E1));
#848=CARTESIAN_POINT('',(3.500000000003E0,1.431664220202E-1,-1.672801356016E1));
#849=CARTESIAN_POINT('',(3.500000000003E0,4.286593265077E-1,-1.671952670426E1));
#850=CARTESIAN_POINT('',(3.500000000003E0,7.134472333290E-1,-1.670278879279E1));
#851=CARTESIAN_POINT('',(3.500000000003E0,9.977051442797E-1,-1.667816518490E1));
#852=CARTESIAN_POINT('',(3.500000000003E0,1.282411572010E0,-1.664601560108E1));
#853=CARTESIAN_POINT('',(3.500000000003E0,1.569346204562E0,-1.660656887283E1));
#854=CARTESIAN_POINT('',(3.500000000003E0,1.861227005965E0,-1.655978087268E1));
#855=CARTESIAN_POINT('',(3.500000000004E0,2.160930941420E0,-1.650542715375E1));
#856=CARTESIAN_POINT('',(3.500000000002E0,2.370146087873E0,-1.646338192106E1));
#857=CARTESIAN_POINT('',(3.500000000002E0,2.476756383019E0,-1.644096765650E1));
#859=CARTESIAN_POINT('',(3.500000000002E0,2.476756383019E0,-1.644096765650E1));
#860=CARTESIAN_POINT('',(3.500000000002E0,2.553235478008E0,-1.642488832133E1));
#861=CARTESIAN_POINT('',(3.499999999999E0,2.710319064300E0,-1.639086492562E1));
#862=CARTESIAN_POINT('',(3.5E0,2.957060095579E0,-1.633436631738E1));
#863=CARTESIAN_POINT('',(3.5E0,3.218573446137E0,-1.627141761282E1));
#864=CARTESIAN_POINT('',(3.5E0,3.404377493072E0,-1.622460996498E1));
#865=CARTESIAN_POINT('',(3.5E0,3.5E0,-1.62E1));
#867=CARTESIAN_POINT('',(3.5E0,3.5E0,-1.62E1));
#868=CARTESIAN_POINT('',(3.373992922963E0,3.5E0,-1.623242991481E1));
#869=CARTESIAN_POINT('',(3.130959535551E0,3.5E0,-1.629321279174E1));
#870=CARTESIAN_POINT('',(2.796187425418E0,3.5E0,-1.637190589612E1));
#871=CARTESIAN_POINT('',(2.483106172343E0,3.5E0,-1.644050159172E1));
#872=CARTESIAN_POINT('',(2.186395526522E0,3.5E0,-1.650042781E1));
#873=CARTESIAN_POINT('',(1.900738212501E0,3.5E0,-1.655286580416E1));
#874=CARTESIAN_POINT('',(1.623037576663E0,3.5E0,-1.659833697755E1));
#875=CARTESIAN_POINT('',(1.350243302980E0,3.5E0,-1.663719174405E1));
#876=CARTESIAN_POINT('',(1.079842912402E0,3.5E0,-1.666951413167E1));
#877=CARTESIAN_POINT('',(8.103065047258E-1,3.5E0,-1.669513530019E1));
#878=CARTESIAN_POINT('',(5.406381361046E-1,3.5E0,-1.671377733174E1));
#879=CARTESIAN_POINT('',(2.704176828168E-1,3.5E0,-1.672512624786E1));
#880=CARTESIAN_POINT('',(-1.380712767595E-4,3.5E0,-1.672893721547E1));
#881=CARTESIAN_POINT('',(-2.708529301102E-1,3.5E0,-1.672511443580E1));
#882=CARTESIAN_POINT('',(-5.409612129638E-1,3.5E0,-1.671375893263E1));
#883=CARTESIAN_POINT('',(-8.106892340379E-1,3.5E0,-1.669510343765E1));
#884=CARTESIAN_POINT('',(-1.080056543553E0,3.5E0,-1.666949021227E1));
#885=CARTESIAN_POINT('',(-1.350461870604E0,3.5E0,-1.663716303436E1));
#886=CARTESIAN_POINT('',(-1.623223370907E0,3.5E0,-1.659830882304E1));
#887=CARTESIAN_POINT('',(-1.901017995358E0,3.5E0,-1.655281694082E1));
#888=CARTESIAN_POINT('',(-2.186576189297E0,3.5E0,-1.650039322014E1));
#889=CARTESIAN_POINT('',(-2.483445389359E0,3.5E0,-1.644042993259E1));
#890=CARTESIAN_POINT('',(-2.796223162873E0,3.5E0,-1.637189553294E1));
#891=CARTESIAN_POINT('',(-3.130720016907E0,3.5E0,-1.629327073468E1));
#892=CARTESIAN_POINT('',(-3.373878336574E0,3.5E0,-1.623245940543E1));
#893=CARTESIAN_POINT('',(-3.5E0,3.5E0,-1.62E1));
#895=DIRECTION('',(6.644630243887E-1,-6.644630243887E-1,3.420201433257E-1));
#896=VECTOR('',#895,1.754282640098E0);
#897=CARTESIAN_POINT('',(2.334344051328E0,-2.334344051328E0,-1.68E1));
#898=LINE('',#897,#896);
#899=CARTESIAN_POINT('',(3.5E0,-3.5E0,-1.62E1));
#900=CARTESIAN_POINT('',(3.5E0,-3.404495414232E0,-1.622457961611E1));
#901=CARTESIAN_POINT('',(3.5E0,-3.218852967627E0,-1.627134830739E1));
#902=CARTESIAN_POINT('',(3.5E0,-2.957307991756E0,-1.633430855475E1));
#903=CARTESIAN_POINT('',(3.499999999999E0,-2.710407821318E0,-1.639084569240E1));
#904=CARTESIAN_POINT('',(3.500000000002E0,-2.553264601252E0,-1.642488219832E1));
#905=CARTESIAN_POINT('',(3.500000000002E0,-2.476756383022E0,-1.644096765650E1));
#907=DIRECTION('',(-6.644630243887E-1,6.644630243887E-1,3.420201433257E-1));
#908=VECTOR('',#907,1.754282640098E0);
#909=CARTESIAN_POINT('',(-2.334344051328E0,2.334344051328E0,-1.68E1));
#910=LINE('',#909,#908);
#911=CARTESIAN_POINT('',(-3.5E0,3.5E0,-1.62E1));
#912=CARTESIAN_POINT('',(-3.5E0,3.373992922963E0,-1.623242991481E1));
#913=CARTESIAN_POINT('',(-3.5E0,3.130959535551E0,-1.629321279174E1));
#914=CARTESIAN_POINT('',(-3.5E0,2.796187425418E0,-1.637190589612E1));
#915=CARTESIAN_POINT('',(-3.5E0,2.483106172343E0,-1.644050159172E1));
#916=CARTESIAN_POINT('',(-3.5E0,2.186395526522E0,-1.650042781E1));
#917=CARTESIAN_POINT('',(-3.5E0,1.900738212501E0,-1.655286580416E1));
#918=CARTESIAN_POINT('',(-3.5E0,1.623037576663E0,-1.659833697755E1));
#919=CARTESIAN_POINT('',(-3.5E0,1.350243302980E0,-1.663719174405E1));
#920=CARTESIAN_POINT('',(-3.5E0,1.079842912402E0,-1.666951413167E1));
#921=CARTESIAN_POINT('',(-3.5E0,8.103065047258E-1,-1.669513530019E1));
#922=CARTESIAN_POINT('',(-3.5E0,5.406381361046E-1,-1.671377733174E1));
#923=CARTESIAN_POINT('',(-3.5E0,2.704176828168E-1,-1.672512624786E1));
#924=CARTESIAN_POINT('',(-3.5E0,-1.380712767601E-4,-1.672893721547E1));
#925=CARTESIAN_POINT('',(-3.5E0,-2.708529301103E-1,-1.672511443580E1));
#926=CARTESIAN_POINT('',(-3.5E0,-5.409612129638E-1,-1.671375893263E1));
#927=CARTESIAN_POINT('',(-3.5E0,-8.106892340379E-1,-1.669510343765E1));
#928=CARTESIAN_POINT('',(-3.5E0,-1.080056543553E0,-1.666949021227E1));
#929=CARTESIAN_POINT('',(-3.5E0,-1.350461870604E0,-1.663716303436E1));
#930=CARTESIAN_POINT('',(-3.5E0,-1.623223370907E0,-1.659830882304E1));
#931=CARTESIAN_POINT('',(-3.5E0,-1.901017995358E0,-1.655281694082E1));
#932=CARTESIAN_POINT('',(-3.5E0,-2.186576189297E0,-1.650039322014E1));
#933=CARTESIAN_POINT('',(-3.5E0,-2.483445389359E0,-1.644042993259E1));
#934=CARTESIAN_POINT('',(-3.5E0,-2.796223162873E0,-1.637189553294E1));
#935=CARTESIAN_POINT('',(-3.5E0,-3.130720016907E0,-1.629327073468E1));
#936=CARTESIAN_POINT('',(-3.5E0,-3.373878336574E0,-1.623245940543E1));
#937=CARTESIAN_POINT('',(-3.5E0,-3.5E0,-1.62E1));
#939=CARTESIAN_POINT('',(-3.5E0,-3.5E0,-1.62E1));
#940=CARTESIAN_POINT('',(-3.373992922963E0,-3.5E0,-1.623242991481E1));
#941=CARTESIAN_POINT('',(-3.130959535551E0,-3.5E0,-1.629321279174E1));
#942=CARTESIAN_POINT('',(-2.796187425418E0,-3.5E0,-1.637190589612E1));
#943=CARTESIAN_POINT('',(-2.483106172343E0,-3.5E0,-1.644050159172E1));
#944=CARTESIAN_POINT('',(-2.186395526522E0,-3.5E0,-1.650042781E1));
#945=CARTESIAN_POINT('',(-1.900738212501E0,-3.5E0,-1.655286580416E1));
#946=CARTESIAN_POINT('',(-1.623037576663E0,-3.5E0,-1.659833697755E1));
#947=CARTESIAN_POINT('',(-1.350243302980E0,-3.5E0,-1.663719174405E1));
#948=CARTESIAN_POINT('',(-1.079842912402E0,-3.5E0,-1.666951413167E1));
#949=CARTESIAN_POINT('',(-8.103065047258E-1,-3.5E0,-1.669513530019E1));
#950=CARTESIAN_POINT('',(-5.406381361046E-1,-3.5E0,-1.671377733174E1));
#951=CARTESIAN_POINT('',(-2.704176828168E-1,-3.5E0,-1.672512624786E1));
#952=CARTESIAN_POINT('',(1.380712767621E-4,-3.5E0,-1.672893721547E1));
#953=CARTESIAN_POINT('',(2.708529301102E-1,-3.5E0,-1.672511443580E1));
#954=CARTESIAN_POINT('',(5.409612129638E-1,-3.5E0,-1.671375893263E1));
#955=CARTESIAN_POINT('',(8.106892340379E-1,-3.5E0,-1.669510343765E1));
#956=CARTESIAN_POINT('',(1.080056543553E0,-3.5E0,-1.666949021227E1));
#957=CARTESIAN_POINT('',(1.350461870604E0,-3.5E0,-1.663716303436E1));
#958=CARTESIAN_POINT('',(1.623223370907E0,-3.5E0,-1.659830882304E1));
#959=CARTESIAN_POINT('',(1.901017995358E0,-3.5E0,-1.655281694082E1));
#960=CARTESIAN_POINT('',(2.186576189297E0,-3.5E0,-1.650039322014E1));
#961=CARTESIAN_POINT('',(2.483445389359E0,-3.5E0,-1.644042993259E1));
#962=CARTESIAN_POINT('',(2.796223162873E0,-3.5E0,-1.637189553294E1));
#963=CARTESIAN_POINT('',(3.130720016907E0,-3.5E0,-1.629327073468E1));
#964=CARTESIAN_POINT('',(3.373878336574E0,-3.5E0,-1.623245940543E1));
#965=CARTESIAN_POINT('',(3.5E0,-3.5E0,-1.62E1));
#967=CARTESIAN_POINT('',(0.E0,0.E0,-1.68E1));
#968=DIRECTION('',(0.E0,0.E0,1.E0));
#969=DIRECTION('',(7.071067811865E-1,-7.071067811865E-1,0.E0));
#970=AXIS2_PLACEMENT_3D('',#967,#968,#969);
#972=CARTESIAN_POINT('',(0.E0,0.E0,-1.68E1));
#973=DIRECTION('',(0.E0,0.E0,1.E0));
#974=DIRECTION('',(-7.071067811865E-1,7.071067811865E-1,0.E0));
#975=AXIS2_PLACEMENT_3D('',#972,#973,#974);
#977=DIRECTION('',(0.E0,-1.E0,0.E0));
#978=VECTOR('',#977,2.161375797859E0);
#979=CARTESIAN_POINT('',(-3.5E0,1.080687898930E0,-9.8E0));
#980=LINE('',#979,#978);
#981=DIRECTION('',(0.E0,0.E0,1.E0));
#982=VECTOR('',#981,5.8E0);
#983=CARTESIAN_POINT('',(-3.5E0,3.5E0,-1.62E1));
#984=LINE('',#983,#982);
#985=CARTESIAN_POINT('',(-3.5E0,1.080687898930E0,-9.8E0));
#986=CARTESIAN_POINT('',(-3.5E0,1.228341085902E0,-9.820312978431E0));
#987=CARTESIAN_POINT('',(-3.5E0,1.528476280199E0,-9.869054130276E0));
#988=CARTESIAN_POINT('',(-3.5E0,2.007982408434E0,-9.970196071217E0));
#989=CARTESIAN_POINT('',(-3.5E0,2.472437565968E0,-1.008761454271E1));
#990=CARTESIAN_POINT('',(-3.5E0,2.941807636765E0,-1.022136971742E1));
#991=CARTESIAN_POINT('',(-3.5E0,3.307932996136E0,-1.033666987988E1));
#992=CARTESIAN_POINT('',(-3.5E0,3.5E0,-1.04E1));
#994=CARTESIAN_POINT('',(-3.5E0,3.5E0,-1.04E1));
#995=CARTESIAN_POINT('',(-3.379885905770E0,3.5E0,-1.036039486292E1));
#996=CARTESIAN_POINT('',(-3.146786159029E0,3.5E0,-1.028558807463E1));
#997=CARTESIAN_POINT('',(-2.820923773272E0,3.5E0,-1.018703232474E1));
#998=CARTESIAN_POINT('',(-2.511995031719E0,3.5E0,-1.009973067943E1));
#999=CARTESIAN_POINT('',(-2.215677850015E0,3.5E0,-1.002237190559E1));
#1000=CARTESIAN_POINT('',(-1.926866153665E0,3.5E0,-9.953736012537E0));
#1001=CARTESIAN_POINT('',(-1.643283960054E0,3.5E0,-9.893600260706E0));
#1002=CARTESIAN_POINT('',(-1.362328593841E0,3.5E0,-9.841826626004E0));
#1003=CARTESIAN_POINT('',(-1.174538550989E0,3.5E0,-9.812911243639E0));
#1004=CARTESIAN_POINT('',(-1.080687898930E0,3.5E0,-9.8E0));
#1006=CARTESIAN_POINT('',(-1.080687898930E0,-3.5E0,-9.8E0));
#1007=CARTESIAN_POINT('',(-1.228341085902E0,-3.5E0,-9.820312978431E0));
#1008=CARTESIAN_POINT('',(-1.528476280199E0,-3.5E0,-9.869054130277E0));
#1009=CARTESIAN_POINT('',(-2.007982408435E0,-3.5E0,-9.970196071217E0));
#1010=CARTESIAN_POINT('',(-2.472437565969E0,-3.5E0,-1.008761454271E1));
#1011=CARTESIAN_POINT('',(-2.941807636765E0,-3.5E0,-1.022136971742E1));
#1012=CARTESIAN_POINT('',(-3.307932996136E0,-3.5E0,-1.033666987988E1));
#1013=CARTESIAN_POINT('',(-3.5E0,-3.5E0,-1.04E1));
#1015=CARTESIAN_POINT('',(-3.5E0,-3.5E0,-1.04E1));
#1016=CARTESIAN_POINT('',(-3.5E0,-3.379885905770E0,-1.036039486292E1));
#1017=CARTESIAN_POINT('',(-3.5E0,-3.146786159029E0,-1.028558807463E1));
#1018=CARTESIAN_POINT('',(-3.5E0,-2.820923773272E0,-1.018703232474E1));
#1019=CARTESIAN_POINT('',(-3.5E0,-2.511995031719E0,-1.009973067943E1));
#1020=CARTESIAN_POINT('',(-3.5E0,-2.215677850015E0,-1.002237190559E1));
#1021=CARTESIAN_POINT('',(-3.5E0,-1.926866153665E0,-9.953736012537E0));
#1022=CARTESIAN_POINT('',(-3.5E0,-1.643283960054E0,-9.893600260706E0));
#1023=CARTESIAN_POINT('',(-3.5E0,-1.362328593841E0,-9.841826626004E0));
#1024=CARTESIAN_POINT('',(-3.5E0,-1.174538550989E0,-9.812911243639E0));
#1025=CARTESIAN_POINT('',(-3.5E0,-1.080687898930E0,-9.8E0));
#1027=DIRECTION('',(0.E0,0.E0,-1.E0));
#1028=VECTOR('',#1027,3.872983346211E0);
#1029=CARTESIAN_POINT('',(3.500000000002E0,-3.5E0,-1.136350832689E1));
#1030=LINE('',#1029,#1028);
#1031=DIRECTION('',(0.E0,0.E0,1.E0));
#1032=VECTOR('',#1031,5.8E0);
#1033=CARTESIAN_POINT('',(-3.5E0,-3.5E0,-1.62E1));
#1034=LINE('',#1033,#1032);
#1035=DIRECTION('',(1.E0,0.E0,0.E0));
#1036=VECTOR('',#1035,2.161375797859E0);
#1037=CARTESIAN_POINT('',(-1.080687898930E0,-3.5E0,-9.8E0));
#1038=LINE('',#1037,#1036);
#1039=DIRECTION('',(6.123734540256E-1,3.535531774225E-1,7.071060058713E-1));
#1040=VECTOR('',#1039,2.121317873434E-1);
#1041=CARTESIAN_POINT('',(2.857884408300E0,1.650000502888E0,
-1.500007035563E-1));
#1042=LINE('',#1041,#1040);
#1043=DIRECTION('',(8.660254037844E-1,4.985518204957E-10,-5.E-1));
#1044=VECTOR('',#1043,5.427092530361E-1);
#1045=CARTESIAN_POINT('',(-3.294999999995E0,-7.579441398269E-10,
-8.000000000029E-1));
#1046=LINE('',#1045,#1044);
#1047=DIRECTION('',(-8.660254037844E-1,-1.992154131874E-10,-5.E-1));
#1048=VECTOR('',#1047,5.427092530374E-1);
#1049=CARTESIAN_POINT('',(3.294999999995E0,7.579504218796E-10,
-8.000000000029E-1));
#1050=LINE('',#1049,#1048);
#1051=CARTESIAN_POINT('',(0.E0,0.E0,-2.071354626519E0));
#1052=DIRECTION('',(0.E0,0.E0,1.E0));
#1053=DIRECTION('',(-1.E0,0.E0,0.E0));
#1054=AXIS2_PLACEMENT_3D('',#1051,#1052,#1053);
#1056=CARTESIAN_POINT('',(0.E0,0.E0,-1.071354626519E0));
#1057=DIRECTION('',(0.E0,0.E0,-1.E0));
#1058=DIRECTION('',(-8.660254037844E-1,-5.E-1,0.E0));
#1059=AXIS2_PLACEMENT_3D('',#1056,#1057,#1058);
#1061=CARTESIAN_POINT('',(0.E0,0.E0,-2.071354626519E0));
#1062=DIRECTION('',(0.E0,0.E0,1.E0));
#1063=DIRECTION('',(-8.660254037844E-1,-5.E-1,0.E0));
#1064=AXIS2_PLACEMENT_3D('',#1061,#1062,#1063);
#1066=DIRECTION('',(3.276934279490E-12,-4.873744473211E-10,1.E0));
#1067=VECTOR('',#1066,9.999999999981E-1);
#1068=CARTESIAN_POINT('',(-2.825E0,0.E0,-2.071354626519E0));
#1069=LINE('',#1068,#1067);
#1070=CARTESIAN_POINT('',(0.E0,0.E0,-1.071354626519E0));
#1071=DIRECTION('',(0.E0,0.E0,-1.E0));
#1072=DIRECTION('',(-1.E0,0.E0,0.E0));
#1073=AXIS2_PLACEMENT_3D('',#1070,#1071,#1072);
#1075=CARTESIAN_POINT('',(0.E0,0.E0,-1.071354626519E0));
#1076=DIRECTION('',(0.E0,0.E0,-1.E0));
#1077=DIRECTION('',(1.E0,0.E0,0.E0));
#1078=AXIS2_PLACEMENT_3D('',#1075,#1076,#1077);
#1080=DIRECTION('',(0.E0,0.E0,-1.E0));
#1081=VECTOR('',#1080,1.E0);
#1082=CARTESIAN_POINT('',(-2.446521765691E0,-1.4125E0,-1.071354626519E0));
#1083=LINE('',#1082,#1081);
#1084=CARTESIAN_POINT('',(1.725000369958E0,-2.987788283842E0,
-1.564034365575E-6));
#1085=CARTESIAN_POINT('',(2.987788283842E0,1.725000369958E0,
-1.564034365575E-6));
#1086=VERTEX_POINT('',#1084);
#1087=VERTEX_POINT('',#1085);
#1088=CARTESIAN_POINT('',(-2.987788283842E0,-1.725000369958E0,
-1.564034365575E-6));
#1089=VERTEX_POINT('',#1088);
#1090=CARTESIAN_POINT('',(-2.857884482001E0,-1.650000375235E0,
-1.500007035563E-1));
#1091=VERTEX_POINT('',#1090);
#1092=CARTESIAN_POINT('',(2.857884408300E0,1.650000502888E0,
-1.500007035563E-1));
#1093=VERTEX_POINT('',#1092);
#1094=CARTESIAN_POINT('',(1.874999943570E0,-3.247595166451E0,
4.053472051346E-7));
#1095=CARTESIAN_POINT('',(-1.874999943570E0,3.247595166451E0,
4.053472051346E-7));
#1096=VERTEX_POINT('',#1094);
#1097=VERTEX_POINT('',#1095);
#1098=CARTESIAN_POINT('',(-1.725000369958E0,2.987788283842E0,
-1.564034365575E-6));
#1099=VERTEX_POINT('',#1098);
#1100=CARTESIAN_POINT('',(1.950000106053E0,-3.377499258449E0,
-1.500001200266E-1));
#1101=VERTEX_POINT('',#1100);
#1102=CARTESIAN_POINT('',(-1.950000212374E0,3.377499441983E0,
-1.500001200264E-1));
#1103=VERTEX_POINT('',#1102);
#1104=CARTESIAN_POINT('',(-1.950000000209E0,3.377499074636E0,-2.4E0));
#1105=VERTEX_POINT('',#1104);
#1106=CARTESIAN_POINT('',(1.95E0,-3.377499074759E0,-2.4E0));
#1107=VERTEX_POINT('',#1106);
#1108=CARTESIAN_POINT('',(2.336270816211E0,3.269955568877E0,-2.4E0));
#1109=CARTESIAN_POINT('',(3.480384757729E0,2.009401076759E0,-2.4E0));
#1110=VERTEX_POINT('',#1108);
#1111=VERTEX_POINT('',#1109);
#1112=CARTESIAN_POINT('',(3.999999999999E0,3.882920925258E-1,-2.4E0));
#1113=VERTEX_POINT('',#1112);
#1114=CARTESIAN_POINT('',(4.E0,-3.882920925225E-1,-2.4E0));
#1115=VERTEX_POINT('',#1114);
#1116=CARTESIAN_POINT('',(2.336270816210E0,-3.269955568878E0,-2.4E0));
#1117=VERTEX_POINT('',#1116);
#1118=CARTESIAN_POINT('',(1.663729183790E0,-3.658247661397E0,-2.4E0));
#1119=VERTEX_POINT('',#1118);
#1120=CARTESIAN_POINT('',(-1.663729183794E0,-3.658247661396E0,-2.4E0));
#1121=VERTEX_POINT('',#1120);
#1122=CARTESIAN_POINT('',(-2.336270816208E0,-3.269955568880E0,-2.4E0));
#1123=VERTEX_POINT('',#1122);
#1124=CARTESIAN_POINT('',(-3.480384757729E0,-2.009401076759E0,-2.4E0));
#1125=VERTEX_POINT('',#1124);
#1126=CARTESIAN_POINT('',(-3.999999999999E0,-3.882920925258E-1,-2.4E0));
#1127=VERTEX_POINT('',#1126);
#1128=CARTESIAN_POINT('',(-4.E0,3.882920925225E-1,-2.4E0));
#1129=VERTEX_POINT('',#1128);
#1130=CARTESIAN_POINT('',(-2.336270816210E0,3.269955568878E0,-2.4E0));
#1131=VERTEX_POINT('',#1130);
#1132=CARTESIAN_POINT('',(-1.663729183790E0,3.658247661397E0,-2.4E0));
#1133=VERTEX_POINT('',#1132);
#1134=CARTESIAN_POINT('',(1.663729183789E0,3.658247661398E0,-2.4E0));
#1135=VERTEX_POINT('',#1134);
#1136=VERTEX_POINT('',#305);
#1137=VERTEX_POINT('',#329);
#1138=VERTEX_POINT('',#336);
#1139=VERTEX_POINT('',#437);
#1140=CARTESIAN_POINT('',(-5.249874609111E-13,4.618802153517E0,-7.9E0));
#1141=VERTEX_POINT('',#1140);
#1142=VERTEX_POINT('',#402);
#1143=VERTEX_POINT('',#320);
#1144=CARTESIAN_POINT('',(-1.663729183790E0,3.658247661397E0,-8.4E0));
#1145=VERTEX_POINT('',#1144);
#1146=CARTESIAN_POINT('',(-2.336270816210E0,3.269955568878E0,-8.4E0));
#1147=VERTEX_POINT('',#1146);
#1148=CARTESIAN_POINT('',(-4.E0,3.882920925200E-1,-8.4E0));
#1149=VERTEX_POINT('',#1148);
#1150=CARTESIAN_POINT('',(-4.E0,-3.882920925200E-1,-8.4E0));
#1151=VERTEX_POINT('',#1150);
#1152=CARTESIAN_POINT('',(-2.336270816208E0,-3.269955568880E0,-8.4E0));
#1153=CARTESIAN_POINT('',(-1.663729183791E0,-3.658247661397E0,-8.4E0));
#1154=VERTEX_POINT('',#1152);
#1155=VERTEX_POINT('',#1153);
#1156=CARTESIAN_POINT('',(1.663729183790E0,-3.658247661397E0,-8.4E0));
#1157=VERTEX_POINT('',#1156);
#1158=CARTESIAN_POINT('',(2.336270816210E0,-3.269955568878E0,-8.4E0));
#1159=VERTEX_POINT('',#1158);
#1160=CARTESIAN_POINT('',(4.E0,-3.882920925200E-1,-8.4E0));
#1161=VERTEX_POINT('',#1160);
#1162=VERTEX_POINT('',#455);
#1163=CARTESIAN_POINT('',(-4.E0,2.309401076758E0,-7.9E0));
#1164=VERTEX_POINT('',#1163);
#1165=VERTEX_POINT('',#495);
#1166=CARTESIAN_POINT('',(-4.E0,-2.309401076759E0,-7.9E0));
#1167=VERTEX_POINT('',#1166);
#1168=VERTEX_POINT('',#535);
#1169=CARTESIAN_POINT('',(-3.407644536916E-13,-4.618802153517E0,-7.9E0));
#1170=VERTEX_POINT('',#1169);
#1171=VERTEX_POINT('',#570);
#1172=CARTESIAN_POINT('',(4.E0,-2.309401076759E0,-7.9E0));
#1173=VERTEX_POINT('',#1172);
#1174=CARTESIAN_POINT('',(-2.857883832489E0,-1.65E0,-8.E-1));
#1175=CARTESIAN_POINT('',(2.857883294279E0,1.650000932206E0,-8.E-1));
#1176=VERTEX_POINT('',#1174);
#1177=VERTEX_POINT('',#1175);
#1178=CARTESIAN_POINT('',(-3.295E0,0.E0,-8.E-1));
#1179=CARTESIAN_POINT('',(3.295E0,0.E0,-8.E-1));
#1180=VERTEX_POINT('',#1178);
#1181=VERTEX_POINT('',#1179);
#1182=CARTESIAN_POINT('',(-2.825E0,0.E0,-1.071354626519E0));
#1183=CARTESIAN_POINT('',(2.825E0,0.E0,-1.071354626519E0));
#1184=VERTEX_POINT('',#1182);
#1185=VERTEX_POINT('',#1183);
#1186=CARTESIAN_POINT('',(-2.446521765691E0,-1.4125E0,-1.071354626519E0));
#1187=VERTEX_POINT('',#1186);
#1188=CARTESIAN_POINT('',(-2.825E0,0.E0,-2.071354626519E0));
#1189=CARTESIAN_POINT('',(-2.446521765691E0,-1.4125E0,-2.071354626519E0));
#1190=VERTEX_POINT('',#1188);
#1191=VERTEX_POINT('',#1189);
#1192=VERTEX_POINT('',#678);
#1193=VERTEX_POINT('',#688);
#1194=CARTESIAN_POINT('',(2.590162768524E0,-2.590162768524E0,-9.8E0));
#1195=VERTEX_POINT('',#1194);
#1196=VERTEX_POINT('',#1006);
#1197=VERTEX_POINT('',#1013);
#1198=VERTEX_POINT('',#939);
#1199=VERTEX_POINT('',#965);
#1200=CARTESIAN_POINT('',(-3.5E0,-1.080687898929E0,-9.8E0));
#1201=VERTEX_POINT('',#1200);
#1202=CARTESIAN_POINT('',(-3.5E0,1.080687898930E0,-9.8E0));
#1203=VERTEX_POINT('',#1202);
#1204=CARTESIAN_POINT('',(-2.590162768524E0,2.590162768524E0,-9.8E0));
#1205=VERTEX_POINT('',#1204);
#1206=CARTESIAN_POINT('',(-1.080687898929E0,3.5E0,-9.8E0));
#1207=VERTEX_POINT('',#1206);
#1208=CARTESIAN_POINT('',(1.080687898930E0,3.5E0,-9.8E0));
#1209=VERTEX_POINT('',#1208);
#1210=CARTESIAN_POINT('',(3.2E0,0.E0,-9.8E0));
#1211=CARTESIAN_POINT('',(-3.2E0,0.E0,-9.8E0));
#1212=VERTEX_POINT('',#1210);
#1213=VERTEX_POINT('',#1211);
#1214=VERTEX_POINT('',#992);
#1215=VERTEX_POINT('',#911);
#1216=VERTEX_POINT('',#736);
#1217=VERTEX_POINT('',#867);
#1218=CARTESIAN_POINT('',(2.334344051328E0,-2.334344051328E0,-1.68E1));
#1219=CARTESIAN_POINT('',(-2.334344051328E0,2.334344051328E0,-1.68E1));
#1220=VERTEX_POINT('',#1218);
#1221=VERTEX_POINT('',#1219);
#1222=CARTESIAN_POINT('',(3.2E0,0.E0,-8.4E0));
#1223=CARTESIAN_POINT('',(-3.2E0,0.E0,-8.4E0));
#1224=VERTEX_POINT('',#1222);
#1225=VERTEX_POINT('',#1223);
#1226=CARTESIAN_POINT('',(4.042946837963E1,-4.000000000001E0,-1.33E1));
#1227=CARTESIAN_POINT('',(4.042946837963E1,3.999999999999E0,-1.33E1));
#1228=VERTEX_POINT('',#1226);
#1229=VERTEX_POINT('',#1227);
#1230=CARTESIAN_POINT('',(4.078416567152E1,-3.934981192929E0,-1.33E1));
#1231=VERTEX_POINT('',#1230);
#1232=CARTESIAN_POINT('',(4.078416567154E1,3.934981192995E0,-1.33E1));
#1233=VERTEX_POINT('',#1232);
#1234=CARTESIAN_POINT('',(4.350000000001E1,-1.089164446245E-12,-1.33E1));
#1235=VERTEX_POINT('',#1234);
#1236=CARTESIAN_POINT('',(3.5E0,-3.5E0,-1.523649167311E1));
#1237=CARTESIAN_POINT('',(3.5E0,-2.476756383016E0,-1.644096765650E1));
#1238=VERTEX_POINT('',#1236);
#1239=VERTEX_POINT('',#1237);
#1240=CARTESIAN_POINT('',(3.5E0,2.476756383013E0,-1.644096765650E1));
#1241=CARTESIAN_POINT('',(3.5E0,3.5E0,-1.523649167310E1));
#1242=VERTEX_POINT('',#1240);
#1243=VERTEX_POINT('',#1241);
#1244=CARTESIAN_POINT('',(3.5E0,3.5E0,-1.136350832690E1));
#1245=CARTESIAN_POINT('',(3.5E0,2.338411338846E0,-1.005472152037E1));
#1246=VERTEX_POINT('',#1244);
#1247=VERTEX_POINT('',#1245);
#1248=CARTESIAN_POINT('',(3.5E0,-2.338411338849E0,-1.005472152037E1));
#1249=CARTESIAN_POINT('',(3.5E0,-3.5E0,-1.136350832689E1));
#1250=VERTEX_POINT('',#1248);
#1251=VERTEX_POINT('',#1249);
#1252=VERTEX_POINT('',#662);
#1253=CARTESIAN_POINT('',(3.500000000003E0,1.080687898920E0,-9.8E0));
#1254=VERTEX_POINT('',#1253);
#1255=CARTESIAN_POINT('',(3.500000000003E0,-4.000000000001E0,-1.33E1));
#1256=VERTEX_POINT('',#1255);
#1257=CARTESIAN_POINT('',(3.500000000003E0,3.999999999999E0,-1.33E1));
#1258=VERTEX_POINT('',#1257);
#1259=CARTESIAN_POINT('',(0.E0,0.E0,-8.82E0));
#1260=DIRECTION('',(0.E0,0.E0,1.E0));
#1261=DIRECTION('',(-8.660254037844E-1,-5.E-1,0.E0));
#1262=AXIS2_PLACEMENT_3D('',#1259,#1260,#1261);
#1263=CYLINDRICAL_SURFACE('',#1262,3.3E0);
#1265=ORIENTED_EDGE('',*,*,#1264,.T.);
#1267=ORIENTED_EDGE('',*,*,#1266,.F.);
#1269=ORIENTED_EDGE('',*,*,#1268,.T.);
#1271=ORIENTED_EDGE('',*,*,#1270,.T.);
#1272=EDGE_LOOP('',(#1265,#1267,#1269,#1271));
#1273=FACE_OUTER_BOUND('',#1272,.F.);
#1275=CARTESIAN_POINT('',(0.E0,0.E0,-8.E-1));
#1276=DIRECTION('',(0.E0,0.E0,1.E0));
#1277=DIRECTION('',(1.E0,0.E0,0.E0));
#1278=AXIS2_PLACEMENT_3D('',#1275,#1276,#1277);
#1279=PLANE('',#1278);
#1280=ORIENTED_EDGE('',*,*,#1264,.F.);
#1282=ORIENTED_EDGE('',*,*,#1281,.F.);
#1283=EDGE_LOOP('',(#1280,#1282));
#1284=FACE_OUTER_BOUND('',#1283,.F.);
#1286=ORIENTED_EDGE('',*,*,#1285,.F.);
#1288=ORIENTED_EDGE('',*,*,#1287,.F.);
#1289=EDGE_LOOP('',(#1286,#1288));
#1290=FACE_BOUND('',#1289,.F.);
#1292=CARTESIAN_POINT('',(0.E0,0.E0,-8.82E0));
#1293=DIRECTION('',(0.E0,0.E0,1.E0));
#1294=DIRECTION('',(-8.660254037844E-1,-5.E-1,0.E0));
#1295=AXIS2_PLACEMENT_3D('',#1292,#1293,#1294);
#1296=CYLINDRICAL_SURFACE('',#1295,3.3E0);
#1297=ORIENTED_EDGE('',*,*,#1281,.T.);
#1298=ORIENTED_EDGE('',*,*,#1270,.F.);
#1300=ORIENTED_EDGE('',*,*,#1299,.T.);
#1301=ORIENTED_EDGE('',*,*,#1266,.T.);
#1302=EDGE_LOOP('',(#1297,#1298,#1300,#1301));
#1303=FACE_OUTER_BOUND('',#1302,.F.);
#1305=CARTESIAN_POINT('',(0.E0,0.E0,-7.500195613903E-2));
#1306=DIRECTION('',(0.E0,0.E0,1.E0));
#1307=DIRECTION('',(5.E-1,-8.660254037844E-1,0.E0));
#1308=AXIS2_PLACEMENT_3D('',#1305,#1306,#1307);
#1309=CONICAL_SURFACE('',#1308,3.375000297725E0,4.500001913140E1);
#1311=ORIENTED_EDGE('',*,*,#1310,.F.);
#1313=ORIENTED_EDGE('',*,*,#1312,.F.);
#1315=ORIENTED_EDGE('',*,*,#1314,.F.);
#1316=ORIENTED_EDGE('',*,*,#1299,.F.);
#1318=ORIENTED_EDGE('',*,*,#1317,.T.);
#1319=EDGE_LOOP('',(#1311,#1313,#1315,#1316,#1318));
#1320=FACE_OUTER_BOUND('',#1319,.F.);
#1322=CARTESIAN_POINT('',(0.E0,0.E0,0.E0));
#1323=DIRECTION('',(0.E0,0.E0,-1.E0));
#1324=DIRECTION('',(-8.660254037844E-1,-5.E-1,0.E0));
#1325=AXIS2_PLACEMENT_3D('',#1322,#1323,#1324);
#1326=PLANE('',#1325);
#1328=ORIENTED_EDGE('',*,*,#1327,.T.);
#1330=ORIENTED_EDGE('',*,*,#1329,.T.);
#1331=EDGE_LOOP('',(#1328,#1330));
#1332=FACE_OUTER_BOUND('',#1331,.F.);
#1334=ORIENTED_EDGE('',*,*,#1333,.T.);
#1336=ORIENTED_EDGE('',*,*,#1335,.T.);
#1337=ORIENTED_EDGE('',*,*,#1312,.T.);
#1338=ORIENTED_EDGE('',*,*,#1310,.T.);
#1339=EDGE_LOOP('',(#1334,#1336,#1337,#1338));
#1340=FACE_BOUND('',#1339,.F.);
#1342=CARTESIAN_POINT('',(0.E0,0.E0,-7.499985733961E-2));
#1343=DIRECTION('',(0.E0,0.E0,-1.E0));
#1344=DIRECTION('',(5.E-1,-8.660254037844E-1,0.E0));
#1345=AXIS2_PLACEMENT_3D('',#1342,#1343,#1344);
#1346=CONICAL_SURFACE('',#1345,3.825000155676E0,4.500000223442E1);
#1347=ORIENTED_EDGE('',*,*,#1327,.F.);
#1349=ORIENTED_EDGE('',*,*,#1348,.F.);
#1351=ORIENTED_EDGE('',*,*,#1350,.T.);
#1353=ORIENTED_EDGE('',*,*,#1352,.T.);
#1354=EDGE_LOOP('',(#1347,#1349,#1351,#1353));
#1355=FACE_OUTER_BOUND('',#1354,.F.);
#1357=CARTESIAN_POINT('',(0.E0,0.E0,-7.499985733961E-2));
#1358=DIRECTION('',(0.E0,0.E0,-1.E0));
#1359=DIRECTION('',(5.E-1,-8.660254037844E-1,0.E0));
#1360=AXIS2_PLACEMENT_3D('',#1357,#1358,#1359);
#1361=CONICAL_SURFACE('',#1360,3.825000155676E0,4.500000223442E1);
#1362=ORIENTED_EDGE('',*,*,#1329,.F.);
#1363=ORIENTED_EDGE('',*,*,#1352,.F.);
#1365=ORIENTED_EDGE('',*,*,#1364,.T.);
#1366=ORIENTED_EDGE('',*,*,#1348,.T.);
#1367=EDGE_LOOP('',(#1362,#1363,#1365,#1366));
#1368=FACE_OUTER_BOUND('',#1367,.F.);
#1370=CARTESIAN_POINT('',(0.E0,0.E0,-2.52E0));
#1371=DIRECTION('',(0.E0,0.E0,1.E0));
#1372=DIRECTION('',(5.E-1,-8.660254037844E-1,0.E0));
#1373=AXIS2_PLACEMENT_3D('',#1370,#1371,#1372);
#1374=CYLINDRICAL_SURFACE('',#1373,3.9E0);
#1375=ORIENTED_EDGE('',*,*,#1364,.F.);
#1377=ORIENTED_EDGE('',*,*,#1376,.T.);
#1379=ORIENTED_EDGE('',*,*,#1378,.F.);
#1381=ORIENTED_EDGE('',*,*,#1380,.F.);
#1382=EDGE_LOOP('',(#1375,#1377,#1379,#1381));
#1383=FACE_OUTER_BOUND('',#1382,.F.);
#1385=CARTESIAN_POINT('',(0.E0,0.E0,-2.52E0));
#1386=DIRECTION('',(0.E0,0.E0,1.E0));
#1387=DIRECTION('',(5.E-1,-8.660254037844E-1,0.E0));
#1388=AXIS2_PLACEMENT_3D('',#1385,#1386,#1387);
#1389=CYLINDRICAL_SURFACE('',#1388,3.9E0);
#1390=ORIENTED_EDGE('',*,*,#1350,.F.);
#1391=ORIENTED_EDGE('',*,*,#1380,.T.);
#1393=ORIENTED_EDGE('',*,*,#1392,.F.);
#1394=ORIENTED_EDGE('',*,*,#1376,.F.);
#1395=EDGE_LOOP('',(#1390,#1391,#1393,#1394));
#1396=FACE_OUTER_BOUND('',#1395,.F.);
#1398=CARTESIAN_POINT('',(0.E0,0.E0,-2.4E0));
#1399=DIRECTION('',(0.E0,0.E0,1.E0));
#1400=DIRECTION('',(5.E-1,-8.660254037844E-1,0.E0));
#1401=AXIS2_PLACEMENT_3D('',#1398,#1399,#1400);
#1402=PLANE('',#1401);
#1404=ORIENTED_EDGE('',*,*,#1403,.T.);
#1406=ORIENTED_EDGE('',*,*,#1405,.T.);
#1408=ORIENTED_EDGE('',*,*,#1407,.T.);
#1410=ORIENTED_EDGE('',*,*,#1409,.T.);
#1412=ORIENTED_EDGE('',*,*,#1411,.F.);
#1414=ORIENTED_EDGE('',*,*,#1413,.T.);
#1416=ORIENTED_EDGE('',*,*,#1415,.T.);
#1418=ORIENTED_EDGE('',*,*,#1417,.T.);
#1420=ORIENTED_EDGE('',*,*,#1419,.T.);
#1422=ORIENTED_EDGE('',*,*,#1421,.T.);
#1424=ORIENTED_EDGE('',*,*,#1423,.T.);
#1426=ORIENTED_EDGE('',*,*,#1425,.F.);
#1428=ORIENTED_EDGE('',*,*,#1427,.T.);
#1430=ORIENTED_EDGE('',*,*,#1429,.T.);
#1431=EDGE_LOOP('',(#1404,#1406,#1408,#1410,#1412,#1414,#1416,#1418,#1420,#1422,
#1424,#1426,#1428,#1430));
#1432=FACE_OUTER_BOUND('',#1431,.F.);
#1433=ORIENTED_EDGE('',*,*,#1392,.T.);
#1434=ORIENTED_EDGE('',*,*,#1378,.T.);
#1435=EDGE_LOOP('',(#1433,#1434));
#1436=FACE_BOUND('',#1435,.F.);
#1438=CARTESIAN_POINT('',(0.E0,0.E0,-2.65E0));
#1439=DIRECTION('',(0.E0,0.E0,-1.E0));
#1440=DIRECTION('',(8.660254037844E-1,5.E-1,0.E0));
#1441=AXIS2_PLACEMENT_3D('',#1438,#1439,#1440);
#1442=CONICAL_SURFACE('',#1441,4.318802153517E0,5.019442890773E1);
#1444=ORIENTED_EDGE('',*,*,#1443,.T.);
#1446=ORIENTED_EDGE('',*,*,#1445,.T.);
#1447=ORIENTED_EDGE('',*,*,#1405,.F.);
#1448=ORIENTED_EDGE('',*,*,#1403,.F.);
#1449=EDGE_LOOP('',(#1444,#1446,#1447,#1448));
#1450=FACE_OUTER_BOUND('',#1449,.F.);
#1452=CARTESIAN_POINT('',(-5.249134460428E-13,4.618802153517E0,0.E0));
#1453=DIRECTION('',(5.E-1,8.660254037845E-1,0.E0));
#1454=DIRECTION('',(8.660254037845E-1,-5.E-1,0.E0));
#1455=AXIS2_PLACEMENT_3D('',#1452,#1453,#1454);
#1456=PLANE('',#1455);
#1458=ORIENTED_EDGE('',*,*,#1457,.F.);
#1460=ORIENTED_EDGE('',*,*,#1459,.T.);
#1461=ORIENTED_EDGE('',*,*,#1443,.F.);
#1462=ORIENTED_EDGE('',*,*,#1429,.F.);
#1464=ORIENTED_EDGE('',*,*,#1463,.F.);
#1466=ORIENTED_EDGE('',*,*,#1465,.F.);
#1468=ORIENTED_EDGE('',*,*,#1467,.F.);
#1470=ORIENTED_EDGE('',*,*,#1469,.F.);
#1471=EDGE_LOOP('',(#1458,#1460,#1461,#1462,#1464,#1466,#1468,#1470));
#1472=FACE_OUTER_BOUND('',#1471,.F.);
#1474=CARTESIAN_POINT('',(0.E0,0.E0,-8.15E0));
#1475=DIRECTION('',(0.E0,0.E0,1.E0));
#1476=DIRECTION('',(-8.660254037844E-1,-5.E-1,0.E0));
#1477=AXIS2_PLACEMENT_3D('',#1474,#1475,#1476);
#1478=CONICAL_SURFACE('',#1477,4.318802153517E0,5.019442890773E1);
#1480=ORIENTED_EDGE('',*,*,#1479,.F.);
#1482=ORIENTED_EDGE('',*,*,#1481,.T.);
#1483=ORIENTED_EDGE('',*,*,#1457,.T.);
#1484=EDGE_LOOP('',(#1480,#1482,#1483));
#1485=FACE_OUTER_BOUND('',#1484,.F.);
#1487=CARTESIAN_POINT('',(0.E0,0.E0,-8.4E0));
#1488=DIRECTION('',(0.E0,0.E0,-1.E0));
#1489=DIRECTION('',(-8.660254037844E-1,-5.E-1,0.E0));
#1490=AXIS2_PLACEMENT_3D('',#1487,#1488,#1489);
#1491=PLANE('',#1490);
#1492=ORIENTED_EDGE('',*,*,#1479,.T.);
#1493=ORIENTED_EDGE('',*,*,#1469,.T.);
#1495=ORIENTED_EDGE('',*,*,#1494,.T.);
#1497=ORIENTED_EDGE('',*,*,#1496,.T.);
#1499=ORIENTED_EDGE('',*,*,#1498,.T.);
#1501=ORIENTED_EDGE('',*,*,#1500,.T.);
#1503=ORIENTED_EDGE('',*,*,#1502,.T.);
#1505=ORIENTED_EDGE('',*,*,#1504,.T.);
#1507=ORIENTED_EDGE('',*,*,#1506,.T.);
#1509=ORIENTED_EDGE('',*,*,#1508,.T.);
#1511=ORIENTED_EDGE('',*,*,#1510,.T.);
#1513=ORIENTED_EDGE('',*,*,#1512,.T.);
#1514=EDGE_LOOP('',(#1492,#1493,#1495,#1497,#1499,#1501,#1503,#1505,#1507,#1509,
#1511,#1513));
#1515=FACE_OUTER_BOUND('',#1514,.F.);
#1517=ORIENTED_EDGE('',*,*,#1516,.F.);
#1519=ORIENTED_EDGE('',*,*,#1518,.F.);
#1520=EDGE_LOOP('',(#1517,#1519));
#1521=FACE_BOUND('',#1520,.F.);
#1523=CARTESIAN_POINT('',(0.E0,0.E0,-8.15E0));
#1524=DIRECTION('',(0.E0,0.E0,1.E0));
#1525=DIRECTION('',(-8.660254037844E-1,-5.E-1,0.E0));
#1526=AXIS2_PLACEMENT_3D('',#1523,#1524,#1525);
#1527=CONICAL_SURFACE('',#1526,4.318802153517E0,5.019442890773E1);
#1528=ORIENTED_EDGE('',*,*,#1494,.F.);
#1529=ORIENTED_EDGE('',*,*,#1467,.T.);
#1531=ORIENTED_EDGE('',*,*,#1530,.T.);
#1532=EDGE_LOOP('',(#1528,#1529,#1531));
#1533=FACE_OUTER_BOUND('',#1532,.F.);
#1535=CARTESIAN_POINT('',(-4.E0,2.309401076758E0,0.E0));
#1536=DIRECTION('',(-5.E-1,8.660254037844E-1,0.E0));
#1537=DIRECTION('',(8.660254037844E-1,5.E-1,0.E0));
#1538=AXIS2_PLACEMENT_3D('',#1535,#1536,#1537);
#1539=PLANE('',#1538);
#1540=ORIENTED_EDGE('',*,*,#1530,.F.);
#1541=ORIENTED_EDGE('',*,*,#1465,.T.);
#1543=ORIENTED_EDGE('',*,*,#1542,.F.);
#1544=ORIENTED_EDGE('',*,*,#1425,.T.);
#1546=ORIENTED_EDGE('',*,*,#1545,.F.);
#1548=ORIENTED_EDGE('',*,*,#1547,.F.);
#1550=ORIENTED_EDGE('',*,*,#1549,.F.);
#1551=ORIENTED_EDGE('',*,*,#1496,.F.);
#1552=EDGE_LOOP('',(#1540,#1541,#1543,#1544,#1546,#1548,#1550,#1551));
#1553=FACE_OUTER_BOUND('',#1552,.F.);
#1555=CARTESIAN_POINT('',(0.E0,0.E0,-2.65E0));
#1556=DIRECTION('',(0.E0,0.E0,-1.E0));
#1557=DIRECTION('',(8.660254037844E-1,5.E-1,0.E0));
#1558=AXIS2_PLACEMENT_3D('',#1555,#1556,#1557);
#1559=CONICAL_SURFACE('',#1558,4.318802153517E0,5.019442890773E1);
#1560=ORIENTED_EDGE('',*,*,#1542,.T.);
#1561=ORIENTED_EDGE('',*,*,#1463,.T.);
#1562=ORIENTED_EDGE('',*,*,#1427,.F.);
#1563=EDGE_LOOP('',(#1560,#1561,#1562));
#1564=FACE_OUTER_BOUND('',#1563,.F.);
#1566=CARTESIAN_POINT('',(0.E0,0.E0,-2.65E0));
#1567=DIRECTION('',(0.E0,0.E0,-1.E0));
#1568=DIRECTION('',(8.660254037844E-1,5.E-1,0.E0));
#1569=AXIS2_PLACEMENT_3D('',#1566,#1567,#1568);
#1570=CONICAL_SURFACE('',#1569,4.318802153517E0,5.019442890773E1);
#1572=ORIENTED_EDGE('',*,*,#1571,.T.);
#1573=ORIENTED_EDGE('',*,*,#1545,.T.);
#1574=ORIENTED_EDGE('',*,*,#1423,.F.);
#1575=EDGE_LOOP('',(#1572,#1573,#1574));
#1576=FACE_OUTER_BOUND('',#1575,.F.);
#1578=CARTESIAN_POINT('',(-4.E0,-2.309401076759E0,0.E0));
#1579=DIRECTION('',(-1.E0,0.E0,0.E0));
#1580=DIRECTION('',(0.E0,1.E0,0.E0));
#1581=AXIS2_PLACEMENT_3D('',#1578,#1579,#1580);
#1582=PLANE('',#1581);
#1584=ORIENTED_EDGE('',*,*,#1583,.F.);
#1585=ORIENTED_EDGE('',*,*,#1547,.T.);
#1586=ORIENTED_EDGE('',*,*,#1571,.F.);
#1587=ORIENTED_EDGE('',*,*,#1421,.F.);
#1589=ORIENTED_EDGE('',*,*,#1588,.F.);
#1591=ORIENTED_EDGE('',*,*,#1590,.F.);
#1593=ORIENTED_EDGE('',*,*,#1592,.F.);
#1594=ORIENTED_EDGE('',*,*,#1500,.F.);
#1595=EDGE_LOOP('',(#1584,#1585,#1586,#1587,#1589,#1591,#1593,#1594));
#1596=FACE_OUTER_BOUND('',#1595,.F.);
#1598=CARTESIAN_POINT('',(0.E0,0.E0,-8.15E0));
#1599=DIRECTION('',(0.E0,0.E0,1.E0));
#1600=DIRECTION('',(-8.660254037844E-1,-5.E-1,0.E0));
#1601=AXIS2_PLACEMENT_3D('',#1598,#1599,#1600);
#1602=CONICAL_SURFACE('',#1601,4.318802153517E0,5.019442890773E1);
#1603=ORIENTED_EDGE('',*,*,#1498,.F.);
#1604=ORIENTED_EDGE('',*,*,#1549,.T.);
#1605=ORIENTED_EDGE('',*,*,#1583,.T.);
#1606=EDGE_LOOP('',(#1603,#1604,#1605));
#1607=FACE_OUTER_BOUND('',#1606,.F.);
#1609=CARTESIAN_POINT('',(0.E0,0.E0,-2.65E0));
#1610=DIRECTION('',(0.E0,0.E0,-1.E0));
#1611=DIRECTION('',(8.660254037844E-1,5.E-1,0.E0));
#1612=AXIS2_PLACEMENT_3D('',#1609,#1610,#1611);
#1613=CONICAL_SURFACE('',#1612,4.318802153517E0,5.019442890773E1);
#1614=ORIENTED_EDGE('',*,*,#1419,.F.);
#1615=ORIENTED_EDGE('',*,*,#1417,.F.);
#1617=ORIENTED_EDGE('',*,*,#1616,.T.);
#1618=ORIENTED_EDGE('',*,*,#1588,.T.);
#1619=EDGE_LOOP('',(#1614,#1615,#1617,#1618));
#1620=FACE_OUTER_BOUND('',#1619,.F.);
#1622=CARTESIAN_POINT('',(-3.406164239550E-13,-4.618802153517E0,0.E0));
#1623=DIRECTION('',(-5.E-1,-8.660254037845E-1,0.E0));
#1624=DIRECTION('',(-8.660254037845E-1,5.E-1,0.E0));
#1625=AXIS2_PLACEMENT_3D('',#1622,#1623,#1624);
#1626=PLANE('',#1625);
#1628=ORIENTED_EDGE('',*,*,#1627,.F.);
#1629=ORIENTED_EDGE('',*,*,#1590,.T.);
#1630=ORIENTED_EDGE('',*,*,#1616,.F.);
#1631=ORIENTED_EDGE('',*,*,#1415,.F.);
#1633=ORIENTED_EDGE('',*,*,#1632,.F.);
#1635=ORIENTED_EDGE('',*,*,#1634,.F.);
#1637=ORIENTED_EDGE('',*,*,#1636,.F.);
#1638=ORIENTED_EDGE('',*,*,#1504,.F.);
#1639=EDGE_LOOP('',(#1628,#1629,#1630,#1631,#1633,#1635,#1637,#1638));
#1640=FACE_OUTER_BOUND('',#1639,.F.);
#1642=CARTESIAN_POINT('',(0.E0,0.E0,-8.15E0));
#1643=DIRECTION('',(0.E0,0.E0,1.E0));
#1644=DIRECTION('',(-8.660254037844E-1,-5.E-1,0.E0));
#1645=AXIS2_PLACEMENT_3D('',#1642,#1643,#1644);
#1646=CONICAL_SURFACE('',#1645,4.318802153517E0,5.019442890773E1);
#1647=ORIENTED_EDGE('',*,*,#1592,.T.);
#1648=ORIENTED_EDGE('',*,*,#1627,.T.);
#1649=ORIENTED_EDGE('',*,*,#1502,.F.);
#1650=EDGE_LOOP('',(#1647,#1648,#1649));
#1651=FACE_OUTER_BOUND('',#1650,.F.);
#1653=CARTESIAN_POINT('',(0.E0,0.E0,-2.65E0));
#1654=DIRECTION('',(0.E0,0.E0,-1.E0));
#1655=DIRECTION('',(8.660254037844E-1,5.E-1,0.E0));
#1656=AXIS2_PLACEMENT_3D('',#1653,#1654,#1655);
#1657=CONICAL_SURFACE('',#1656,4.318802153517E0,5.019442890773E1);
#1659=ORIENTED_EDGE('',*,*,#1658,.T.);
#1660=ORIENTED_EDGE('',*,*,#1632,.T.);
#1661=ORIENTED_EDGE('',*,*,#1413,.F.);
#1662=EDGE_LOOP('',(#1659,#1660,#1661));
#1663=FACE_OUTER_BOUND('',#1662,.F.);
#1665=CARTESIAN_POINT('',(4.E0,-2.309401076759E0,0.E0));
#1666=DIRECTION('',(5.E-1,-8.660254037844E-1,0.E0));
#1667=DIRECTION('',(-8.660254037844E-1,-5.E-1,0.E0));
#1668=AXIS2_PLACEMENT_3D('',#1665,#1666,#1667);
#1669=PLANE('',#1668);
#1671=ORIENTED_EDGE('',*,*,#1670,.F.);
#1672=ORIENTED_EDGE('',*,*,#1634,.T.);
#1673=ORIENTED_EDGE('',*,*,#1658,.F.);
#1674=ORIENTED_EDGE('',*,*,#1411,.T.);
#1676=ORIENTED_EDGE('',*,*,#1675,.F.);
#1678=ORIENTED_EDGE('',*,*,#1677,.F.);
#1680=ORIENTED_EDGE('',*,*,#1679,.F.);
#1681=ORIENTED_EDGE('',*,*,#1508,.F.);
#1682=EDGE_LOOP('',(#1671,#1672,#1673,#1674,#1676,#1678,#1680,#1681));
#1683=FACE_OUTER_BOUND('',#1682,.F.);
#1685=CARTESIAN_POINT('',(0.E0,0.E0,-8.15E0));
#1686=DIRECTION('',(0.E0,0.E0,1.E0));
#1687=DIRECTION('',(-8.660254037844E-1,-5.E-1,0.E0));
#1688=AXIS2_PLACEMENT_3D('',#1685,#1686,#1687);
#1689=CONICAL_SURFACE('',#1688,4.318802153517E0,5.019442890773E1);
#1690=ORIENTED_EDGE('',*,*,#1506,.F.);
#1691=ORIENTED_EDGE('',*,*,#1636,.T.);
#1692=ORIENTED_EDGE('',*,*,#1670,.T.);
#1693=EDGE_LOOP('',(#1690,#1691,#1692));
#1694=FACE_OUTER_BOUND('',#1693,.F.);
#1696=CARTESIAN_POINT('',(0.E0,0.E0,-2.65E0));
#1697=DIRECTION('',(0.E0,0.E0,-1.E0));
#1698=DIRECTION('',(8.660254037844E-1,5.E-1,0.E0));
#1699=AXIS2_PLACEMENT_3D('',#1696,#1697,#1698);
#1700=CONICAL_SURFACE('',#1699,4.318802153517E0,5.019442890773E1);
#1701=ORIENTED_EDGE('',*,*,#1675,.T.);
#1702=ORIENTED_EDGE('',*,*,#1409,.F.);
#1704=ORIENTED_EDGE('',*,*,#1703,.T.);
#1705=EDGE_LOOP('',(#1701,#1702,#1704));
#1706=FACE_OUTER_BOUND('',#1705,.F.);
#1708=CARTESIAN_POINT('',(4.E0,2.309401076759E0,0.E0));
#1709=DIRECTION('',(1.E0,0.E0,0.E0));
#1710=DIRECTION('',(0.E0,-1.E0,0.E0));
#1711=AXIS2_PLACEMENT_3D('',#1708,#1709,#1710);
#1712=PLANE('',#1711);
#1714=ORIENTED_EDGE('',*,*,#1713,.F.);
#1715=ORIENTED_EDGE('',*,*,#1677,.T.);
#1716=ORIENTED_EDGE('',*,*,#1703,.F.);
#1717=ORIENTED_EDGE('',*,*,#1407,.F.);
#1718=ORIENTED_EDGE('',*,*,#1445,.F.);
#1719=ORIENTED_EDGE('',*,*,#1459,.F.);
#1720=ORIENTED_EDGE('',*,*,#1481,.F.);
#1721=ORIENTED_EDGE('',*,*,#1512,.F.);
#1722=EDGE_LOOP('',(#1714,#1715,#1716,#1717,#1718,#1719,#1720,#1721));
#1723=FACE_OUTER_BOUND('',#1722,.F.);
#1725=CARTESIAN_POINT('',(0.E0,0.E0,-8.15E0));
#1726=DIRECTION('',(0.E0,0.E0,1.E0));
#1727=DIRECTION('',(-8.660254037844E-1,-5.E-1,0.E0));
#1728=AXIS2_PLACEMENT_3D('',#1725,#1726,#1727);
#1729=CONICAL_SURFACE('',#1728,4.318802153517E0,5.019442890773E1);
#1730=ORIENTED_EDGE('',*,*,#1510,.F.);
#1731=ORIENTED_EDGE('',*,*,#1679,.T.);
#1732=ORIENTED_EDGE('',*,*,#1713,.T.);
#1733=EDGE_LOOP('',(#1730,#1731,#1732));
#1734=FACE_OUTER_BOUND('',#1733,.F.);
#1736=CARTESIAN_POINT('',(0.E0,0.E0,-1.0085E1));
#1737=DIRECTION('',(0.E0,0.E0,1.E0));
#1738=DIRECTION('',(-1.E0,0.E0,0.E0));
#1739=AXIS2_PLACEMENT_3D('',#1736,#1737,#1738);
#1740=CYLINDRICAL_SURFACE('',#1739,3.2E0);
#1741=ORIENTED_EDGE('',*,*,#1516,.T.);
#1743=ORIENTED_EDGE('',*,*,#1742,.F.);
#1745=ORIENTED_EDGE('',*,*,#1744,.F.);
#1747=ORIENTED_EDGE('',*,*,#1746,.T.);
#1748=EDGE_LOOP('',(#1741,#1743,#1745,#1747));
#1749=FACE_OUTER_BOUND('',#1748,.F.);
#1751=CARTESIAN_POINT('',(0.E0,0.E0,-1.0085E1));
#1752=DIRECTION('',(0.E0,0.E0,1.E0));
#1753=DIRECTION('',(-1.E0,0.E0,0.E0));
#1754=AXIS2_PLACEMENT_3D('',#1751,#1752,#1753);
#1755=CYLINDRICAL_SURFACE('',#1754,3.2E0);
#1756=ORIENTED_EDGE('',*,*,#1518,.T.);
#1757=ORIENTED_EDGE('',*,*,#1746,.F.);
#1759=ORIENTED_EDGE('',*,*,#1758,.F.);
#1760=ORIENTED_EDGE('',*,*,#1742,.T.);
#1761=EDGE_LOOP('',(#1756,#1757,#1759,#1760));
#1762=FACE_OUTER_BOUND('',#1761,.F.);
#1764=CARTESIAN_POINT('',(0.E0,0.E0,-9.8E0));
#1765=DIRECTION('',(0.E0,0.E0,-1.E0));
#1766=DIRECTION('',(0.E0,-1.E0,0.E0));
#1767=AXIS2_PLACEMENT_3D('',#1764,#1765,#1766);
#1768=PLANE('',#1767);
#1770=ORIENTED_EDGE('',*,*,#1769,.T.);
#1772=ORIENTED_EDGE('',*,*,#1771,.T.);
#1774=ORIENTED_EDGE('',*,*,#1773,.F.);
#1776=ORIENTED_EDGE('',*,*,#1775,.T.);
#1778=ORIENTED_EDGE('',*,*,#1777,.F.);
#1780=ORIENTED_EDGE('',*,*,#1779,.T.);
#1782=ORIENTED_EDGE('',*,*,#1781,.T.);
#1784=ORIENTED_EDGE('',*,*,#1783,.F.);
#1786=ORIENTED_EDGE('',*,*,#1785,.T.);
#1788=ORIENTED_EDGE('',*,*,#1787,.T.);
#1789=EDGE_LOOP('',(#1770,#1772,#1774,#1776,#1778,#1780,#1782,#1784,#1786,
#1788));
#1790=FACE_OUTER_BOUND('',#1789,.F.);
#1791=ORIENTED_EDGE('',*,*,#1744,.T.);
#1792=ORIENTED_EDGE('',*,*,#1758,.T.);
#1793=EDGE_LOOP('',(#1791,#1792));
#1794=FACE_BOUND('',#1793,.F.);
#1796=CARTESIAN_POINT('',(0.E0,0.E0,-1.01E1));
#1797=DIRECTION('',(0.E0,0.E0,-1.E0));
#1798=DIRECTION('',(-7.071067811865E-1,7.071067811865E-1,0.E0));
#1799=AXIS2_PLACEMENT_3D('',#1796,#1797,#1798);
#1800=CONICAL_SURFACE('',#1799,4.306395392153E0,6.5E1);
#1802=ORIENTED_EDGE('',*,*,#1801,.T.);
#1804=ORIENTED_EDGE('',*,*,#1803,.T.);
#1806=ORIENTED_EDGE('',*,*,#1805,.T.);
#1807=ORIENTED_EDGE('',*,*,#1771,.F.);
#1808=ORIENTED_EDGE('',*,*,#1769,.F.);
#1809=EDGE_LOOP('',(#1802,#1804,#1806,#1807,#1808));
#1810=FACE_OUTER_BOUND('',#1809,.F.);
#1812=CARTESIAN_POINT('',(3.500000000003E0,-1.088906742552E-12,-1.33E1));
#1813=DIRECTION('',(1.E0,0.E0,0.E0));
#1814=DIRECTION('',(0.E0,-1.E0,0.E0));
#1815=AXIS2_PLACEMENT_3D('',#1812,#1813,#1814);
#1816=PLANE('',#1815);
#1817=ORIENTED_EDGE('',*,*,#1801,.F.);
#1818=ORIENTED_EDGE('',*,*,#1787,.F.);
#1820=ORIENTED_EDGE('',*,*,#1819,.F.);
#1822=ORIENTED_EDGE('',*,*,#1821,.T.);
#1823=EDGE_LOOP('',(#1817,#1818,#1820,#1822));
#1824=FACE_OUTER_BOUND('',#1823,.F.);
#1826=CARTESIAN_POINT('',(3.500000000003E0,-1.088906742552E-12,-1.33E1));
#1827=DIRECTION('',(1.E0,0.E0,0.E0));
#1828=DIRECTION('',(0.E0,-1.E0,0.E0));
#1829=AXIS2_PLACEMENT_3D('',#1826,#1827,#1828);
#1830=PLANE('',#1829);
#1832=ORIENTED_EDGE('',*,*,#1831,.F.);
#1834=ORIENTED_EDGE('',*,*,#1833,.T.);
#1836=ORIENTED_EDGE('',*,*,#1835,.T.);
#1837=EDGE_LOOP('',(#1832,#1834,#1836));
#1838=FACE_OUTER_BOUND('',#1837,.F.);
#1840=CARTESIAN_POINT('',(3.500000000003E0,-1.088906742552E-12,-1.33E1));
#1841=DIRECTION('',(1.E0,0.E0,0.E0));
#1842=DIRECTION('',(0.E0,-1.E0,0.E0));
#1843=AXIS2_PLACEMENT_3D('',#1840,#1841,#1842);
#1844=PLANE('',#1843);
#1846=ORIENTED_EDGE('',*,*,#1845,.T.);
#1848=ORIENTED_EDGE('',*,*,#1847,.T.);
#1850=ORIENTED_EDGE('',*,*,#1849,.T.);
#1851=EDGE_LOOP('',(#1846,#1848,#1850));
#1852=FACE_OUTER_BOUND('',#1851,.F.);
#1854=CARTESIAN_POINT('',(3.500000000003E0,-1.088906742552E-12,-1.33E1));
#1855=DIRECTION('',(1.E0,0.E0,0.E0));
#1856=DIRECTION('',(0.E0,-1.E0,0.E0));
#1857=AXIS2_PLACEMENT_3D('',#1854,#1855,#1856);
#1858=PLANE('',#1857);
#1860=ORIENTED_EDGE('',*,*,#1859,.F.);
#1862=ORIENTED_EDGE('',*,*,#1861,.T.);
#1863=EDGE_LOOP('',(#1860,#1862));
#1864=FACE_OUTER_BOUND('',#1863,.F.);
#1866=CARTESIAN_POINT('',(0.E0,0.E0,-1.01E1));
#1867=DIRECTION('',(0.E0,0.E0,-1.E0));
#1868=DIRECTION('',(-7.071067811865E-1,7.071067811865E-1,0.E0));
#1869=AXIS2_PLACEMENT_3D('',#1866,#1867,#1868);
#1870=CONICAL_SURFACE('',#1869,4.306395392153E0,6.5E1);
#1871=ORIENTED_EDGE('',*,*,#1819,.T.);
#1872=ORIENTED_EDGE('',*,*,#1785,.F.);
#1874=ORIENTED_EDGE('',*,*,#1873,.T.);
#1876=ORIENTED_EDGE('',*,*,#1875,.T.);
#1877=EDGE_LOOP('',(#1871,#1872,#1874,#1876));
#1878=FACE_OUTER_BOUND('',#1877,.F.);
#1880=CARTESIAN_POINT('',(-3.5E0,3.5E0,-9.8E0));
#1881=DIRECTION('',(0.E0,1.E0,0.E0));
#1882=DIRECTION('',(1.E0,0.E0,0.E0));
#1883=AXIS2_PLACEMENT_3D('',#1880,#1881,#1882);
#1884=PLANE('',#1883);
#1885=ORIENTED_EDGE('',*,*,#1845,.F.);
#1887=ORIENTED_EDGE('',*,*,#1886,.T.);
#1888=ORIENTED_EDGE('',*,*,#1873,.F.);
#1889=ORIENTED_EDGE('',*,*,#1783,.T.);
#1891=ORIENTED_EDGE('',*,*,#1890,.F.);
#1893=ORIENTED_EDGE('',*,*,#1892,.F.);
#1895=ORIENTED_EDGE('',*,*,#1894,.F.);
#1897=ORIENTED_EDGE('',*,*,#1896,.T.);
#1898=EDGE_LOOP('',(#1885,#1887,#1888,#1889,#1891,#1893,#1895,#1897));
#1899=FACE_OUTER_BOUND('',#1898,.F.);
#1901=CARTESIAN_POINT('',(3.5E0,3.5E0,-9.8E0));
#1902=DIRECTION('',(1.E0,0.E0,0.E0));
#1903=DIRECTION('',(0.E0,-1.E0,0.E0));
#1904=AXIS2_PLACEMENT_3D('',#1901,#1902,#1903);
#1905=PLANE('',#1904);
#1907=ORIENTED_EDGE('',*,*,#1906,.T.);
#1909=ORIENTED_EDGE('',*,*,#1908,.F.);
#1911=ORIENTED_EDGE('',*,*,#1910,.T.);
#1912=EDGE_LOOP('',(#1907,#1909,#1911));
#1913=FACE_OUTER_BOUND('',#1912,.F.);
#1915=CARTESIAN_POINT('',(3.5E0,3.5E0,-9.8E0));
#1916=DIRECTION('',(1.E0,0.E0,0.E0));
#1917=DIRECTION('',(0.E0,-1.E0,0.E0));
#1918=AXIS2_PLACEMENT_3D('',#1915,#1916,#1917);
#1919=PLANE('',#1918);
#1921=ORIENTED_EDGE('',*,*,#1920,.T.);
#1922=ORIENTED_EDGE('',*,*,#1896,.F.);
#1924=ORIENTED_EDGE('',*,*,#1923,.F.);
#1925=EDGE_LOOP('',(#1921,#1922,#1924));
#1926=FACE_OUTER_BOUND('',#1925,.F.);
#1928=CARTESIAN_POINT('',(3.5E0,3.5E0,-9.8E0));
#1929=DIRECTION('',(1.E0,0.E0,0.E0));
#1930=DIRECTION('',(0.E0,-1.E0,0.E0));
#1931=AXIS2_PLACEMENT_3D('',#1928,#1929,#1930);
#1932=PLANE('',#1931);
#1934=ORIENTED_EDGE('',*,*,#1933,.T.);
#1935=ORIENTED_EDGE('',*,*,#1875,.F.);
#1936=ORIENTED_EDGE('',*,*,#1886,.F.);
#1937=EDGE_LOOP('',(#1934,#1935,#1936));
#1938=FACE_OUTER_BOUND('',#1937,.F.);
#1940=CARTESIAN_POINT('',(3.5E0,3.5E0,-9.8E0));
#1941=DIRECTION('',(1.E0,0.E0,0.E0));
#1942=DIRECTION('',(0.E0,-1.E0,0.E0));
#1943=AXIS2_PLACEMENT_3D('',#1940,#1941,#1942);
#1944=PLANE('',#1943);
#1946=ORIENTED_EDGE('',*,*,#1945,.T.);
#1948=ORIENTED_EDGE('',*,*,#1947,.T.);
#1949=ORIENTED_EDGE('',*,*,#1803,.F.);
#1950=EDGE_LOOP('',(#1946,#1948,#1949));
#1951=FACE_OUTER_BOUND('',#1950,.F.);
#1953=CARTESIAN_POINT('',(1.500000000003E0,-1.088906742552E-12,-1.33E1));
#1954=DIRECTION('',(1.E0,0.E0,0.E0));
#1955=DIRECTION('',(0.E0,-1.E0,0.E0));
#1956=AXIS2_PLACEMENT_3D('',#1953,#1954,#1955);
#1957=CYLINDRICAL_SURFACE('',#1956,4.E0);
#1959=ORIENTED_EDGE('',*,*,#1958,.T.);
#1960=ORIENTED_EDGE('',*,*,#1847,.F.);
#1961=ORIENTED_EDGE('',*,*,#1920,.F.);
#1962=ORIENTED_EDGE('',*,*,#1861,.F.);
#1963=ORIENTED_EDGE('',*,*,#1906,.F.);
#1964=ORIENTED_EDGE('',*,*,#1835,.F.);
#1966=ORIENTED_EDGE('',*,*,#1965,.T.);
#1968=ORIENTED_EDGE('',*,*,#1967,.F.);
#1969=EDGE_LOOP('',(#1959,#1960,#1961,#1962,#1963,#1964,#1966,#1968));
#1970=FACE_OUTER_BOUND('',#1969,.F.);
#1972=CARTESIAN_POINT('',(1.500000000003E0,-1.088906742552E-12,-1.33E1));
#1973=DIRECTION('',(1.E0,0.E0,0.E0));
#1974=DIRECTION('',(0.E0,-1.E0,0.E0));
#1975=AXIS2_PLACEMENT_3D('',#1972,#1973,#1974);
#1976=CYLINDRICAL_SURFACE('',#1975,4.E0);
#1977=ORIENTED_EDGE('',*,*,#1965,.F.);
#1978=ORIENTED_EDGE('',*,*,#1833,.F.);
#1979=ORIENTED_EDGE('',*,*,#1945,.F.);
#1980=ORIENTED_EDGE('',*,*,#1821,.F.);
#1981=ORIENTED_EDGE('',*,*,#1933,.F.);
#1982=ORIENTED_EDGE('',*,*,#1849,.F.);
#1983=ORIENTED_EDGE('',*,*,#1958,.F.);
#1985=ORIENTED_EDGE('',*,*,#1984,.F.);
#1986=EDGE_LOOP('',(#1977,#1978,#1979,#1980,#1981,#1982,#1983,#1985));
#1987=FACE_OUTER_BOUND('',#1986,.F.);
#1989=CARTESIAN_POINT('',(4.042946837963E1,-1.088906742552E-12,-1.33E1));
#1990=DIRECTION('',(1.E0,0.E0,0.E0));
#1991=DIRECTION('',(0.E0,-1.E0,0.E0));
#1992=AXIS2_PLACEMENT_3D('',#1989,#1990,#1991);
#1993=TOROIDAL_SURFACE('',#1992,3.E0,1.E0);
#1995=ORIENTED_EDGE('',*,*,#1994,.T.);
#1996=ORIENTED_EDGE('',*,*,#1984,.T.);
#1998=ORIENTED_EDGE('',*,*,#1997,.F.);
#2000=ORIENTED_EDGE('',*,*,#1999,.T.);
#2001=EDGE_LOOP('',(#1995,#1996,#1998,#2000));
#2002=FACE_OUTER_BOUND('',#2001,.F.);
#2004=CARTESIAN_POINT('',(4.042946837963E1,-1.088906742552E-12,-1.33E1));
#2005=DIRECTION('',(1.E0,0.E0,0.E0));
#2006=DIRECTION('',(0.E0,-1.E0,0.E0));
#2007=AXIS2_PLACEMENT_3D('',#2004,#2005,#2006);
#2008=TOROIDAL_SURFACE('',#2007,3.E0,1.E0);
#2009=ORIENTED_EDGE('',*,*,#1994,.F.);
#2011=ORIENTED_EDGE('',*,*,#2010,.F.);
#2012=ORIENTED_EDGE('',*,*,#1997,.T.);
#2013=ORIENTED_EDGE('',*,*,#1967,.T.);
#2014=EDGE_LOOP('',(#2009,#2011,#2012,#2013));
#2015=FACE_OUTER_BOUND('',#2014,.F.);
#2017=CARTESIAN_POINT('',(3.929137931035E1,-1.088906742552E-12,-1.33E1));
#2018=DIRECTION('',(1.E0,0.E0,0.E0));
#2019=DIRECTION('',(0.E0,-1.E0,0.E0));
#2020=AXIS2_PLACEMENT_3D('',#2017,#2018,#2019);
#2021=SPHERICAL_SURFACE('',#2020,4.208620689655E0);
#2023=ORIENTED_EDGE('',*,*,#2022,.F.);
#2025=ORIENTED_EDGE('',*,*,#2024,.T.);
#2026=ORIENTED_EDGE('',*,*,#2010,.T.);
#2027=EDGE_LOOP('',(#2023,#2025,#2026));
#2028=FACE_OUTER_BOUND('',#2027,.F.);
#2030=CARTESIAN_POINT('',(3.929137931035E1,-1.088906742552E-12,-1.33E1));
#2031=DIRECTION('',(1.E0,0.E0,0.E0));
#2032=DIRECTION('',(0.E0,-1.E0,0.E0));
#2033=AXIS2_PLACEMENT_3D('',#2030,#2031,#2032);
#2034=SPHERICAL_SURFACE('',#2033,4.208620689655E0);
#2035=ORIENTED_EDGE('',*,*,#2022,.T.);
#2036=ORIENTED_EDGE('',*,*,#1999,.F.);
#2037=ORIENTED_EDGE('',*,*,#2024,.F.);
#2038=EDGE_LOOP('',(#2035,#2036,#2037));
#2039=FACE_OUTER_BOUND('',#2038,.F.);
#2041=CARTESIAN_POINT('',(0.E0,0.E0,-1.65E1));
#2042=DIRECTION('',(0.E0,0.E0,1.E0));
#2043=DIRECTION('',(7.071067811865E-1,-7.071067811865E-1,0.E0));
#2044=AXIS2_PLACEMENT_3D('',#2041,#2042,#2043);
#2045=CONICAL_SURFACE('',#2044,4.125504242469E0,7.E1);
#2046=ORIENTED_EDGE('',*,*,#1859,.T.);
#2047=ORIENTED_EDGE('',*,*,#1923,.T.);
#2048=ORIENTED_EDGE('',*,*,#1894,.T.);
#2050=ORIENTED_EDGE('',*,*,#2049,.F.);
#2052=ORIENTED_EDGE('',*,*,#2051,.F.);
#2054=ORIENTED_EDGE('',*,*,#2053,.T.);
#2055=ORIENTED_EDGE('',*,*,#1908,.T.);
#2056=EDGE_LOOP('',(#2046,#2047,#2048,#2050,#2052,#2054,#2055));
#2057=FACE_OUTER_BOUND('',#2056,.F.);
#2059=CARTESIAN_POINT('',(0.E0,0.E0,-1.65E1));
#2060=DIRECTION('',(0.E0,0.E0,1.E0));
#2061=DIRECTION('',(7.071067811865E-1,-7.071067811865E-1,0.E0));
#2062=AXIS2_PLACEMENT_3D('',#2059,#2060,#2061);
#2063=CONICAL_SURFACE('',#2062,4.125504242469E0,7.E1);
#2065=ORIENTED_EDGE('',*,*,#2064,.F.);
#2066=ORIENTED_EDGE('',*,*,#2049,.T.);
#2068=ORIENTED_EDGE('',*,*,#2067,.T.);
#2070=ORIENTED_EDGE('',*,*,#2069,.T.);
#2071=ORIENTED_EDGE('',*,*,#2053,.F.);
#2072=EDGE_LOOP('',(#2065,#2066,#2068,#2070,#2071));
#2073=FACE_OUTER_BOUND('',#2072,.F.);
#2075=CARTESIAN_POINT('',(0.E0,0.E0,-1.68E1));
#2076=DIRECTION('',(0.E0,0.E0,-1.E0));
#2077=DIRECTION('',(0.E0,-1.E0,0.E0));
#2078=AXIS2_PLACEMENT_3D('',#2075,#2076,#2077);
#2079=PLANE('',#2078);
#2080=ORIENTED_EDGE('',*,*,#2051,.T.);
#2081=ORIENTED_EDGE('',*,*,#2064,.T.);
#2082=EDGE_LOOP('',(#2080,#2081));
#2083=FACE_OUTER_BOUND('',#2082,.F.);
#2085=CARTESIAN_POINT('',(-3.5E0,-3.5E0,-9.8E0));
#2086=DIRECTION('',(-1.E0,0.E0,0.E0));
#2087=DIRECTION('',(0.E0,1.E0,0.E0));
#2088=AXIS2_PLACEMENT_3D('',#2085,#2086,#2087);
#2089=PLANE('',#2088);
#2091=ORIENTED_EDGE('',*,*,#2090,.F.);
#2092=ORIENTED_EDGE('',*,*,#1777,.T.);
#2094=ORIENTED_EDGE('',*,*,#2093,.F.);
#2096=ORIENTED_EDGE('',*,*,#2095,.F.);
#2097=ORIENTED_EDGE('',*,*,#2067,.F.);
#2098=ORIENTED_EDGE('',*,*,#1892,.T.);
#2099=EDGE_LOOP('',(#2091,#2092,#2094,#2096,#2097,#2098));
#2100=FACE_OUTER_BOUND('',#2099,.F.);
#2102=CARTESIAN_POINT('',(0.E0,0.E0,-1.01E1));
#2103=DIRECTION('',(0.E0,0.E0,-1.E0));
#2104=DIRECTION('',(-7.071067811865E-1,7.071067811865E-1,0.E0));
#2105=AXIS2_PLACEMENT_3D('',#2102,#2103,#2104);
#2106=CONICAL_SURFACE('',#2105,4.306395392153E0,6.5E1);
#2107=ORIENTED_EDGE('',*,*,#1781,.F.);
#2108=ORIENTED_EDGE('',*,*,#1779,.F.);
#2109=ORIENTED_EDGE('',*,*,#2090,.T.);
#2110=ORIENTED_EDGE('',*,*,#1890,.T.);
#2111=EDGE_LOOP('',(#2107,#2108,#2109,#2110));
#2112=FACE_OUTER_BOUND('',#2111,.F.);
#2114=CARTESIAN_POINT('',(0.E0,0.E0,-1.01E1));
#2115=DIRECTION('',(0.E0,0.E0,-1.E0));
#2116=DIRECTION('',(-7.071067811865E-1,7.071067811865E-1,0.E0));
#2117=AXIS2_PLACEMENT_3D('',#2114,#2115,#2116);
#2118=CONICAL_SURFACE('',#2117,4.306395392153E0,6.5E1);
#2119=ORIENTED_EDGE('',*,*,#1775,.F.);
#2121=ORIENTED_EDGE('',*,*,#2120,.T.);
#2122=ORIENTED_EDGE('',*,*,#2093,.T.);
#2123=EDGE_LOOP('',(#2119,#2121,#2122));
#2124=FACE_OUTER_BOUND('',#2123,.F.);
#2126=CARTESIAN_POINT('',(3.5E0,-3.5E0,-9.8E0));
#2127=DIRECTION('',(0.E0,-1.E0,0.E0));
#2128=DIRECTION('',(-1.E0,0.E0,0.E0));
#2129=AXIS2_PLACEMENT_3D('',#2126,#2127,#2128);
#2130=PLANE('',#2129);
#2131=ORIENTED_EDGE('',*,*,#1831,.T.);
#2132=ORIENTED_EDGE('',*,*,#1910,.F.);
#2133=ORIENTED_EDGE('',*,*,#2069,.F.);
#2134=ORIENTED_EDGE('',*,*,#2095,.T.);
#2135=ORIENTED_EDGE('',*,*,#2120,.F.);
#2136=ORIENTED_EDGE('',*,*,#1773,.T.);
#2137=ORIENTED_EDGE('',*,*,#1805,.F.);
#2138=ORIENTED_EDGE('',*,*,#1947,.F.);
#2139=EDGE_LOOP('',(#2131,#2132,#2133,#2134,#2135,#2136,#2137,#2138));
#2140=FACE_OUTER_BOUND('',#2139,.F.);
#2142=CARTESIAN_POINT('',(0.E0,0.E0,-7.500195613903E-2));
#2143=DIRECTION('',(0.E0,0.E0,1.E0));
#2144=DIRECTION('',(5.E-1,-8.660254037844E-1,0.E0));
#2145=AXIS2_PLACEMENT_3D('',#2142,#2143,#2144);
#2146=CONICAL_SURFACE('',#2145,3.375000297725E0,4.500001913140E1);
#2147=ORIENTED_EDGE('',*,*,#1335,.F.);
#2148=ORIENTED_EDGE('',*,*,#1333,.F.);
#2149=ORIENTED_EDGE('',*,*,#1317,.F.);
#2150=ORIENTED_EDGE('',*,*,#1268,.F.);
#2151=ORIENTED_EDGE('',*,*,#1314,.T.);
#2152=EDGE_LOOP('',(#2147,#2148,#2149,#2150,#2151));
#2153=FACE_OUTER_BOUND('',#2152,.F.);
#2155=CARTESIAN_POINT('',(0.E0,0.E0,-9.356773132633E-1));
#2156=DIRECTION('',(0.E0,0.E0,1.E0));
#2157=DIRECTION('',(0.E0,-1.E0,0.E0));
#2158=AXIS2_PLACEMENT_3D('',#2155,#2156,#2157);
#2159=CONICAL_SURFACE('',#2158,3.059999999993E0,6.E1);
#2160=ORIENTED_EDGE('',*,*,#1285,.T.);
#2162=ORIENTED_EDGE('',*,*,#2161,.T.);
#2164=ORIENTED_EDGE('',*,*,#2163,.F.);
#2166=ORIENTED_EDGE('',*,*,#2165,.F.);
#2167=EDGE_LOOP('',(#2160,#2162,#2164,#2166));
#2168=FACE_OUTER_BOUND('',#2167,.F.);
#2170=CARTESIAN_POINT('',(0.E0,0.E0,-9.356773132633E-1));
#2171=DIRECTION('',(0.E0,0.E0,1.E0));
#2172=DIRECTION('',(0.E0,-1.E0,0.E0));
#2173=AXIS2_PLACEMENT_3D('',#2170,#2171,#2172);
#2174=CONICAL_SURFACE('',#2173,3.059999999993E0,6.E1);
#2175=ORIENTED_EDGE('',*,*,#1287,.T.);
#2176=ORIENTED_EDGE('',*,*,#2165,.T.);
#2178=ORIENTED_EDGE('',*,*,#2177,.F.);
#2180=ORIENTED_EDGE('',*,*,#2179,.F.);
#2181=ORIENTED_EDGE('',*,*,#2161,.F.);
#2182=EDGE_LOOP('',(#2175,#2176,#2178,#2180,#2181));
#2183=FACE_OUTER_BOUND('',#2182,.F.);
#2185=CARTESIAN_POINT('',(0.E0,0.E0,-8.82E0));
#2186=DIRECTION('',(0.E0,0.E0,1.E0));
#2187=DIRECTION('',(-8.660254037844E-1,-5.E-1,0.E0));
#2188=AXIS2_PLACEMENT_3D('',#2185,#2186,#2187);
#2189=CYLINDRICAL_SURFACE('',#2188,2.825E0);
#2191=ORIENTED_EDGE('',*,*,#2190,.T.);
#2193=ORIENTED_EDGE('',*,*,#2192,.F.);
#2194=ORIENTED_EDGE('',*,*,#2177,.T.);
#2196=ORIENTED_EDGE('',*,*,#2195,.F.);
#2197=EDGE_LOOP('',(#2191,#2193,#2194,#2196));
#2198=FACE_OUTER_BOUND('',#2197,.F.);
#2200=CARTESIAN_POINT('',(0.E0,0.E0,-2.071354626519E0));
#2201=DIRECTION('',(0.E0,0.E0,1.E0));
#2202=DIRECTION('',(0.E0,-1.E0,0.E0));
#2203=AXIS2_PLACEMENT_3D('',#2200,#2201,#2202);
#2204=PLANE('',#2203);
#2205=ORIENTED_EDGE('',*,*,#2190,.F.);
#2207=ORIENTED_EDGE('',*,*,#2206,.F.);
#2208=EDGE_LOOP('',(#2205,#2207));
#2209=FACE_OUTER_BOUND('',#2208,.F.);
#2211=CARTESIAN_POINT('',(0.E0,0.E0,-8.E-1));
#2212=DIRECTION('',(0.E0,0.E0,1.E0));
#2213=DIRECTION('',(1.E0,0.E0,0.E0));
#2214=AXIS2_PLACEMENT_3D('',#2211,#2212,#2213);
#2215=CYLINDRICAL_SURFACE('',#2214,2.825E0);
#2216=ORIENTED_EDGE('',*,*,#2206,.T.);
#2217=ORIENTED_EDGE('',*,*,#2195,.T.);
#2218=ORIENTED_EDGE('',*,*,#2163,.T.);
#2219=ORIENTED_EDGE('',*,*,#2179,.T.);
#2220=ORIENTED_EDGE('',*,*,#2192,.T.);
#2221=EDGE_LOOP('',(#2216,#2217,#2218,#2219,#2220));
#2222=FACE_OUTER_BOUND('',#2221,.F.);
#2224=CLOSED_SHELL('',(#1274,#1291,#1304,#1321,#1341,#1356,#1369,#1384,#1397,
#1437,#1451,#1473,#1486,#1522,#1534,#1554,#1565,#1577,#1597,#1608,#1621,#1641,
#1652,#1664,#1684,#1695,#1707,#1724,#1735,#1750,#1763,#1795,#1811,#1825,#1839,
#1853,#1865,#1879,#1900,#1914,#1927,#1939,#1952,#1971,#1988,#2003,#2016,#2029,
#2040,#2058,#2074,#2084,#2101,#2113,#2125,#2141,#2154,#2169,#2184,#2199,#2210,
#2223));
#2225=MANIFOLD_SOLID_BREP('',#2224);
#2228=PLANE_ANGLE_MEASURE_WITH_UNIT(PLANE_ANGLE_MEASURE(1.745329251994E-2),
#2227);
#2229=(CONVERSION_BASED_UNIT('DEGREE',#2228)NAMED_UNIT(*)PLANE_ANGLE_UNIT());
#2231=UNCERTAINTY_MEASURE_WITH_UNIT(LENGTH_MEASURE(1.E-3),#2226,
'distance_accuracy_value',
'Maximum model space distance between geometric entities at asserted connectivities');
#2234=APPLICATION_CONTEXT('automotive_design');
#2235=APPLICATION_PROTOCOL_DEFINITION('international standard',
'automotive_design',2001,#2234);
#2236=PRODUCT_DEFINITION_CONTEXT('part definition',#2234,'design');
#2237=PRODUCT_CONTEXT('',#2234,'mechanical');
#2238=PRODUCT('C-2195892-1','C-2195892-1','NOT SPECIFIED',(#2237));
#2239=PRODUCT_DEFINITION_FORMATION('1','LAST_VERSION',#2238);
#2247=DERIVED_UNIT_ELEMENT(#2246,2.E0);
#2248=DERIVED_UNIT((#2247));
#2249=MEASURE_REPRESENTATION_ITEM('surface area measure',AREA_MEASURE(
1.579670139409E3),#2248);
#2254=DERIVED_UNIT_ELEMENT(#2253,3.E0);
#2255=DERIVED_UNIT((#2254));
#2256=MEASURE_REPRESENTATION_ITEM('volume measure',VOLUME_MEASURE(
2.719267790622E3),#2255);
#2260=CARTESIAN_POINT('centre point',(1.643263024048E1,-4.695635104398E-6,
-1.203365778419E1));
#2265=DERIVED_UNIT_ELEMENT(#2264,2.E0);
#2266=DERIVED_UNIT((#2265));
#2267=MEASURE_REPRESENTATION_ITEM('surface area measure',AREA_MEASURE(
1.579670139409E3),#2266);
#2272=DERIVED_UNIT_ELEMENT(#2271,3.E0);
#2273=DERIVED_UNIT((#2272));
#2274=MEASURE_REPRESENTATION_ITEM('volume measure',VOLUME_MEASURE(
2.719267790622E3),#2273);
#2278=CARTESIAN_POINT('centre point',(1.643263024048E1,-4.695635104398E-6,
-1.203365778419E1));
#2283=PRODUCT_RELATED_PRODUCT_CATEGORY('part','',(#2238));
#2285=GENERAL_PROPERTY('','DESC','user defined attribute');
#2286=GENERAL_PROPERTY_ASSOCIATION('user defined attribute','',#2285,#2284);
#2287=DESCRIPTIVE_REPRESENTATION_ITEM('DESC','External Ant,. SMA, 423-443MHz');
#2291=GENERAL_PROPERTY('','DOC_STATUS','user defined attribute');
#2292=GENERAL_PROPERTY_ASSOCIATION('user defined attribute','',#2291,#2290);
#2293=DESCRIPTIVE_REPRESENTATION_ITEM('DOC_STATUS','Active');
#2297=GENERAL_PROPERTY('','DWG_TITLE','user defined attribute');
#2298=GENERAL_PROPERTY_ASSOCIATION('user defined attribute','',#2297,#2296);
#2299=DESCRIPTIVE_REPRESENTATION_ITEM('DWG_TITLE',
'External Ant,. SMA, 423-443MHz');
#2303=GENERAL_PROPERTY('','DWG_TITLE_2','user defined attribute');
#2304=GENERAL_PROPERTY_ASSOCIATION('user defined attribute','',#2303,#2302);
#2305=DESCRIPTIVE_REPRESENTATION_ITEM('DWG_TITLE_2','-');
#2309=GENERAL_PROPERTY('','PART_NO','user defined attribute');
#2310=GENERAL_PROPERTY_ASSOCIATION('user defined attribute','',#2309,#2308);
#2311=DESCRIPTIVE_REPRESENTATION_ITEM('PART_NO','2195892');
#2315=GENERAL_PROPERTY('','MOD_NUM','user defined attribute');
#2316=GENERAL_PROPERTY_ASSOCIATION('user defined attribute','',#2315,#2314);
#2317=DESCRIPTIVE_REPRESENTATION_ITEM('MOD_NUM','MOD63331');
#2321=GENERAL_PROPERTY('','PART_REV','user defined attribute');
#2322=GENERAL_PROPERTY_ASSOCIATION('user defined attribute','',#2321,#2320);
#2323=DESCRIPTIVE_REPRESENTATION_ITEM('PART_REV','1');
#2327=GENERAL_PROPERTY('','COMMENTS','user defined attribute');
#2328=GENERAL_PROPERTY_ASSOCIATION('user defined attribute','',#2327,#2326);
#2329=DESCRIPTIVE_REPRESENTATION_ITEM('COMMENTS','-');
#2333=GENERAL_PROPERTY('','EXPORT_RESTRICTED','user defined attribute');
#2334=GENERAL_PROPERTY_ASSOCIATION('user defined attribute','',#2333,#2332);
#2335=DESCRIPTIVE_REPRESENTATION_ITEM('EXPORT_RESTRICTED','NULL');
#2339=GENERAL_PROPERTY('','PTC_MODIFIED','user defined attribute');
#2340=GENERAL_PROPERTY_ASSOCIATION('user defined attribute','',#2339,#2338);
#2341=DESCRIPTIVE_REPRESENTATION_ITEM('PTC_MODIFIED','NO');
#2344=DESCRIPTIVE_REPRESENTATION_ITEM('attribute description','Yes No');
#2349=GENERAL_PROPERTY('','PTC_WM_REVISION','user defined attribute');
#2350=GENERAL_PROPERTY_ASSOCIATION('user defined attribute','',#2349,#2348);
#2351=DESCRIPTIVE_REPRESENTATION_ITEM('PTC_WM_REVISION','GN');
#2355=GENERAL_PROPERTY('','PTC_WM_ITERATION','user defined attribute');
#2356=GENERAL_PROPERTY_ASSOCIATION('user defined attribute','',#2355,#2354);
#2357=DESCRIPTIVE_REPRESENTATION_ITEM('PTC_WM_ITERATION','0');
#2361=GENERAL_PROPERTY('','PTC_WM_VERSION','user defined attribute');
#2362=GENERAL_PROPERTY_ASSOCIATION('user defined attribute','',#2361,#2360);
#2363=DESCRIPTIVE_REPRESENTATION_ITEM('PTC_WM_VERSION','GN.0');
#2367=GENERAL_PROPERTY('','PTC_WM_LIFECYCLE_STATE','user defined attribute');
#2368=GENERAL_PROPERTY_ASSOCIATION('user defined attribute','',#2367,#2366);
#2369=DESCRIPTIVE_REPRESENTATION_ITEM('PTC_WM_LIFECYCLE_STATE','Released');
#2373=GENERAL_PROPERTY('','PTC_WM_LIFECYCLE','user defined attribute');
#2374=GENERAL_PROPERTY_ASSOCIATION('user defined attribute','',#2373,#2372);
#2375=DESCRIPTIVE_REPRESENTATION_ITEM('PTC_WM_LIFECYCLE',
'TE Standard Lifecycle');
#2379=GENERAL_PROPERTY('','PTC_WM_LOCATION','user defined attribute');
#2380=GENERAL_PROPERTY_ASSOCIATION('user defined attribute','',#2379,#2378);
#2381=DESCRIPTIVE_REPRESENTATION_ITEM('PTC_WM_LOCATION',
'/Libraries/CVM Library/Documentation/GPL-AC6');
#2385=GENERAL_PROPERTY('','PTC_WM_CREATED_BY','user defined attribute');
#2386=GENERAL_PROPERTY_ASSOCIATION('user defined attribute','',#2385,#2384);
#2387=DESCRIPTIVE_REPRESENTATION_ITEM('PTC_WM_CREATED_BY','Silva, Johnson');
#2391=GENERAL_PROPERTY('','PTC_WM_CREATED_ON','user defined attribute');
#2392=GENERAL_PROPERTY_ASSOCIATION('user defined attribute','',#2391,#2390);
#2393=DESCRIPTIVE_REPRESENTATION_ITEM('PTC_WM_CREATED_ON',
'26-Mar-21 10:39:38 AM');
#2397=GENERAL_PROPERTY('','PTC_WM_MODIFIED_BY','user defined attribute');
#2398=GENERAL_PROPERTY_ASSOCIATION('user defined attribute','',#2397,#2396);
#2399=DESCRIPTIVE_REPRESENTATION_ITEM('PTC_WM_MODIFIED_BY','Silva, Johnson');
#2403=GENERAL_PROPERTY('','PTC_WM_MODIFIED_ON','user defined attribute');
#2404=GENERAL_PROPERTY_ASSOCIATION('user defined attribute','',#2403,#2402);
#2405=DESCRIPTIVE_REPRESENTATION_ITEM('PTC_WM_MODIFIED_ON',
'26-Mar-21 10:41:30 AM');
#2409=GENERAL_PROPERTY('','PTC_WM_TEAM','user defined attribute');
#2410=GENERAL_PROPERTY_ASSOCIATION('user defined attribute','',#2409,#2408);
#2411=DESCRIPTIVE_REPRESENTATION_ITEM('PTC_WM_TEAM','');
#2415=GENERAL_PROPERTY('','DOC_NUMBER','user defined attribute');
#2416=GENERAL_PROPERTY_ASSOCIATION('user defined attribute','',#2415,#2414);
#2417=DESCRIPTIVE_REPRESENTATION_ITEM('DOC_NUMBER','G-2195892');
#2421=GENERAL_PROPERTY('','PTC_ORGANIZATION_ID','user defined attribute');
#2422=GENERAL_PROPERTY_ASSOCIATION('user defined attribute','',#2421,#2420);
#2423=DESCRIPTIVE_REPRESENTATION_ITEM('PTC_ORGANIZATION_ID','TE');
#2427=GENERAL_PROPERTY('','PTC_COMMON_NAME','user defined attribute');
#2428=GENERAL_PROPERTY_ASSOCIATION('user defined attribute','',#2427,#2426);
#2429=DESCRIPTIVE_REPRESENTATION_ITEM('PTC_COMMON_NAME','C-2195892-1');
#1=DRAUGHTING_PRE_DEFINED_COLOUR('black');
#2=COLOUR_RGB('',0.E0,0.E0,3.6E-1);
#3=COLOUR_RGB('',0.E0,0.E0,4.8E-1);
#4=DRAUGHTING_PRE_DEFINED_COLOUR('blue');
#5=COLOUR_RGB('',0.E0,5.8824E-2,4.58824E-1);
#6=COLOUR_RGB('',0.E0,1.80392E-1,4.78431E-1);
#7=COLOUR_RGB('',0.E0,3.6E-1,9.E-2);
#8=COLOUR_RGB('',0.E0,3.6E-1,2.7E-1);
#9=COLOUR_RGB('',0.E0,5.6E-1,6.4E-1);
#10=COLOUR_RGB('',0.E0,5.8E-1,8.E-1);
#11=COLOUR_RGB('',0.E0,7.1E-1,6.6E-1);
#12=COLOUR_RGB('',0.E0,7.13E-1,0.E0);
#13=COLOUR_RGB('',0.E0,9.5E-1,8.4E-1);
#14=DRAUGHTING_PRE_DEFINED_COLOUR('green');
#15=DRAUGHTING_PRE_DEFINED_COLOUR('cyan');
#16=COLOUR_RGB('',1.1765E-2,1.9608E-2,3.9216E-2);
#17=COLOUR_RGB('',4.E-2,0.E0,1.6E-1);
#18=COLOUR_RGB('',3.9216E-2,2.19608E-1,1.21569E-1);
#19=COLOUR_RGB('',3.9216E-2,3.60784E-1,2.E-1);
#20=COLOUR_RGB('',5.098E-2,7.0588E-2,1.01961E-1);
#21=COLOUR_RGB('',9.E-2,0.E0,1.2E-1);
#22=COLOUR_RGB('',9.0196E-2,1.60784E-1,1.09804E-1);
#23=COLOUR_RGB('',9.0196E-2,3.80392E-1,6.70588E-1);
#24=COLOUR_RGB('',1.E-1,0.E0,2.5E-1);
#25=COLOUR_RGB('',1.01961E-1,4.78431E-1,3.88235E-1);
#26=COLOUR_RGB('',1.09804E-1,1.4902E-1,9.0196E-2);
#27=COLOUR_RGB('',1.4902E-1,3.09804E-1,5.29412E-1);
#28=COLOUR_RGB('',1.4902E-1,4.E-1,1.60784E-1);
#29=COLOUR_RGB('',1.6E-1,3.2E-2,0.E0);
#30=COLOUR_RGB('',1.60784E-1,4.5098E-1,7.21569E-1);
#31=COLOUR_RGB('',1.6E-1,4.6E-1,6.5E-1);
#32=COLOUR_RGB('',1.6E-1,1.E0,1.6E-1);
#33=COLOUR_RGB('',2.E-1,3.2E-2,0.E0);
#34=COLOUR_RGB('',2.11765E-1,4.11765E-1,1.4902E-1);
#35=COLOUR_RGB('',2.39216E-1,2.39216E-1,2.31373E-1);
#36=COLOUR_RGB('',2.39216E-1,2.70588E-1,1.80392E-1);
#37=COLOUR_RGB('',2.5098E-1,2.90196E-1,3.29412E-1);
#38=COLOUR_RGB('',2.90196E-1,4.31373E-1,2.E-1);
#39=COLOUR_RGB('',3.1E-1,3.1E-1,5.6E-1);
#40=COLOUR_RGB('',3.09804E-1,6.58824E-1,2.E-1);
#41=COLOUR_RGB('',3.2E-1,1.5E-1,0.E0);
#42=COLOUR_RGB('',3.60784E-1,3.1373E-2,1.68627E-1);
#43=COLOUR_RGB('',3.68627E-1,2.E-1,1.21569E-1);
#44=COLOUR_RGB('',3.88235E-1,2.39216E-1,6.11765E-1);
#45=COLOUR_RGB('',4.E-1,4.E-1,4.E-1);
#46=COLOUR_RGB('',4.11765E-1,5.8824E-2,7.8431E-2);
#47=COLOUR_RGB('',4.11765E-1,3.29412E-1,2.19608E-1);
#48=COLOUR_RGB('',4.2E-1,4.2E-1,1.E0);
#49=COLOUR_RGB('',4.4E-1,8.5E-1,1.E0);
#50=COLOUR_RGB('',4.58824E-1,4.5098E-1,3.09804E-1);
#51=COLOUR_RGB('',4.70588E-1,5.09804E-1,5.4902E-1);
#52=COLOUR_RGB('',4.78431E-1,4.90196E-1,4.58824E-1);
#53=COLOUR_RGB('',4.90196E-1,3.60784E-1,2.19608E-1);
#54=COLOUR_RGB('',4.9E-1,4.9E-1,0.E0);
#55=COLOUR_RGB('',4.9E-1,1.E0,0.E0);
#56=COLOUR_RGB('',5.E-1,0.E0,0.E0);
#57=COLOUR_RGB('',5.E-1,0.E0,2.3E-1);
#58=COLOUR_RGB('',5.E-1,5.E-1,5.E-1);
#59=COLOUR_RGB('',5.21569E-1,2.19608E-1,1.68627E-1);
#60=COLOUR_RGB('',5.3E-1,0.E0,0.E0);
#61=COLOUR_RGB('',5.29412E-1,5.80392E-1,6.5098E-1);
#62=COLOUR_RGB('',5.4E-1,0.E0,4.4E-1);
#63=COLOUR_RGB('',5.5E-1,3.E-1,0.E0);
#64=COLOUR_RGB('',5.6E-1,1.E-1,5.E-2);
#65=COLOUR_RGB('',5.60784E-1,5.80392E-1,6.19608E-1);
#66=COLOUR_RGB('',5.68627E-1,5.8824E-2,4.E-1);
#67=COLOUR_RGB('',5.8E-1,2.2E-1,1.E-2);
#68=COLOUR_RGB('',5.88235E-1,1.21569E-1,1.09804E-1);
#69=COLOUR_RGB('',6.E-1,6.E-1,6.E-1);
#70=COLOUR_RGB('',6.11765E-1,5.60784E-1,3.80392E-1);
#71=COLOUR_RGB('',6.11765E-1,6.11765E-1,6.5098E-1);
#72=COLOUR_RGB('',6.2E-1,0.E0,5.5E-1);
#73=COLOUR_RGB('',6.19608E-1,6.39216E-1,6.90196E-1);
#74=COLOUR_RGB('',6.35294E-1,6.86275E-1,7.4902E-1);
#75=COLOUR_RGB('',6.4E-1,0.E0,2.5E-1);
#76=COLOUR_RGB('',6.4E-1,1.E-2,0.E0);
#77=COLOUR_RGB('',6.39216E-1,5.4902E-1,4.78431E-1);
#78=COLOUR_RGB('',6.5098E-1,6.70588E-1,7.09804E-1);
#79=COLOUR_RGB('',6.70588E-1,1.21569E-1,1.09804E-1);
#80=COLOUR_RGB('',6.78431E-1,4.78431E-1,3.09804E-1);
#81=COLOUR_RGB('',6.8E-1,7.5E-1,1.E0);
#82=COLOUR_RGB('',7.09804E-1,7.0588E-2,2.E-1);
#83=COLOUR_RGB('',7.1E-1,3.1E-1,0.E0);
#84=COLOUR_RGB('',7.2E-1,7.2E-1,7.2E-1);
#85=COLOUR_RGB('',7.29412E-1,7.41176E-1,7.29412E-1);
#86=COLOUR_RGB('',7.41176E-1,7.29412E-1,6.70588E-1);
#87=COLOUR_RGB('',7.4E-1,1.E0,2.6E-1);
#88=COLOUR_RGB('',7.5E-1,3.E-2,0.E0);
#89=COLOUR_RGB('',7.4902E-1,8.90196E-1,7.29412E-1);
#90=COLOUR_RGB('',7.6E-1,0.E0,4.7E-1);
#91=COLOUR_RGB('',7.80392E-1,9.0196E-2,7.0588E-2);
#92=COLOUR_RGB('',7.88235E-1,2.19608E-1,5.4902E-1);
#93=COLOUR_RGB('',8.1E-1,4.E-2,0.E0);
#94=COLOUR_RGB('',8.1E-1,6.1E-1,0.E0);
#95=COLOUR_RGB('',8.2E-1,4.E-2,6.6E-1);
#96=COLOUR_RGB('',8.31373E-1,8.5098E-1,8.58824E-1);
#97=COLOUR_RGB('',8.5098E-1,7.29412E-1,5.4902E-1);
#98=COLOUR_RGB('',8.5E-1,8.5E-1,8.5E-1);
#99=COLOUR_RGB('',8.78431E-1,3.68627E-1,1.21569E-1);
#100=COLOUR_RGB('',8.784E-1,9.49E-1,1.E0);
#101=COLOUR_RGB('',8.90196E-1,5.88235E-1,1.41176E-1);
#102=COLOUR_RGB('',9.E-1,1.E0,0.E0);
#103=COLOUR_RGB('',9.09804E-1,6.11765E-1,7.09804E-1);
#104=COLOUR_RGB('',9.37E-1,7.85E-1,0.E0);
#105=COLOUR_RGB('',9.41176E-1,9.29412E-1,9.01961E-1);
#106=COLOUR_RGB('',9.5E-1,2.2E-1,8.1E-1);
#107=COLOUR_RGB('',9.6E-1,3.7E-1,3.E-1);
#108=COLOUR_RGB('',9.6E-1,7.1E-1,3.75E-1);
#109=COLOUR_RGB('',9.80392E-1,1.E0,1.E0);
#110=COLOUR_RGB('',9.88235E-1,1.09804E-1,7.8431E-2);
#111=COLOUR_RGB('',9.88235E-1,7.21569E-1,1.29412E-1);
#112=COLOUR_RGB('',9.88235E-1,9.21569E-1,8.E-1);
#113=DRAUGHTING_PRE_DEFINED_COLOUR('red');
#114=COLOUR_RGB('',1.E0,0.E0,6.1E-1);
#115=COLOUR_RGB('',1.E0,4.E-2,0.E0);
#116=COLOUR_RGB('',1.E0,2.3E-1,0.E0);
#117=COLOUR_RGB('',1.E0,3.5E-1,5.2E-1);
#118=COLOUR_RGB('',1.E0,3.6E-1,0.E0);
#119=COLOUR_RGB('',1.E0,3.88235E-1,2.11765E-1);
#120=COLOUR_RGB('',1.E0,4.9E-1,3.7E-1);
#121=COLOUR_RGB('',1.E0,5.E-1,0.E0);
#122=COLOUR_RGB('',1.E0,5.6E-1,7.8E-1);
#123=COLOUR_RGB('',1.E0,6.4E-1,4.9E-1);
#124=COLOUR_RGB('',1.E0,6.7E-1,0.E0);
#125=COLOUR_RGB('',1.E0,7.6E-1,6.5E-1);
#126=COLOUR_RGB('',1.E0,8.39216E-1,3.01961E-1);
#127=COLOUR_RGB('',1.E0,8.6E-1,4.E-2);
#128=COLOUR_RGB('',1.E0,9.60784E-1,2.58824E-1);
#129=COLOUR_RGB('',1.E0,9.60784E-1,8.90196E-1);
#130=COLOUR_RGB('',1.E0,9.8E-1,7.2E-1);
#131=DRAUGHTING_PRE_DEFINED_COLOUR('yellow');
#132=COLOUR_RGB('',1.E0,1.E0,3.9216E-2);
#133=DRAUGHTING_PRE_DEFINED_COLOUR('white');
#138=CIRCLE('',#137,3.3E0);
#143=CIRCLE('',#142,3.3E0);
#152=CIRCLE('',#151,3.295E0);
#157=CIRCLE('',#156,3.295E0);
#162=CIRCLE('',#161,3.3E0);
#167=CIRCLE('',#166,3.3E0);
#180=CIRCLE('',#179,3.749999887139E0);
#185=CIRCLE('',#184,3.749999887139E0);
#190=CIRCLE('',#189,3.450000739916E0);
#195=CIRCLE('',#194,3.450000739916E0);
#200=CIRCLE('',#199,3.450000739916E0);
#205=CIRCLE('',#204,3.450000739916E0);
#210=CIRCLE('',#209,3.900000424212E0);
#219=CIRCLE('',#218,3.900000424212E0);
#236=CIRCLE('',#235,4.018802153517E0);
#241=CIRCLE('',#240,4.018802153517E0);
#250=CIRCLE('',#249,4.018802153517E0);
#255=CIRCLE('',#254,4.018802153517E0);
#264=CIRCLE('',#263,4.018802153517E0);
#269=CIRCLE('',#268,4.018802153517E0);
#278=CIRCLE('',#277,4.018802153517E0);
#283=CIRCLE('',#282,4.018802153517E0);
#292=CIRCLE('',#291,3.9E0);
#297=CIRCLE('',#296,3.9E0);
#306=B_SPLINE_CURVE_WITH_KNOTS('',3,(#298,#299,#300,#301,#302,#303,#304,#305),
.UNSPECIFIED.,.F.,.F.,(4,1,1,1,1,4),(0.E0,2.E-1,4.E-1,6.E-1,8.E-1,1.E0),
.UNSPECIFIED.);
#315=B_SPLINE_CURVE_WITH_KNOTS('',3,(#307,#308,#309,#310,#311,#312,#313,#314),
.UNSPECIFIED.,.F.,.F.,(4,1,1,1,1,4),(0.E0,2.E-1,4.E-1,6.E-1,8.E-1,1.E0),
.UNSPECIFIED.);
#328=B_SPLINE_CURVE_WITH_KNOTS('',3,(#320,#321,#322,#323,#324,#325,#326,#327),
.UNSPECIFIED.,.F.,.F.,(4,1,1,1,1,4),(0.E0,2.E-1,4.E-1,6.E-1,8.E-1,1.E0),
.UNSPECIFIED.);
#337=B_SPLINE_CURVE_WITH_KNOTS('',3,(#329,#330,#331,#332,#333,#334,#335,#336),
.UNSPECIFIED.,.F.,.F.,(4,1,1,1,1,4),(0.E0,2.E-1,4.E-1,6.E-1,8.E-1,1.E0),
.UNSPECIFIED.);
#342=CIRCLE('',#341,4.018802153517E0);
#351=CIRCLE('',#350,4.018802153517E0);
#360=CIRCLE('',#359,4.018802153517E0);
#369=CIRCLE('',#368,4.018802153517E0);
#378=CIRCLE('',#377,4.018802153517E0);
#387=CIRCLE('',#386,4.018802153517E0);
#396=CIRCLE('',#395,3.2E0);
#401=CIRCLE('',#400,3.2E0);
#410=B_SPLINE_CURVE_WITH_KNOTS('',3,(#402,#403,#404,#405,#406,#407,#408,#409),
.UNSPECIFIED.,.F.,.F.,(4,1,1,1,1,4),(0.E0,2.E-1,4.E-1,6.E-1,8.E-1,1.E0),
.UNSPECIFIED.);
#419=B_SPLINE_CURVE_WITH_KNOTS('',3,(#411,#412,#413,#414,#415,#416,#417,#418),
.UNSPECIFIED.,.F.,.F.,(4,1,1,1,1,4),(0.E0,2.E-1,4.E-1,6.E-1,8.E-1,1.E0),
.UNSPECIFIED.);
#436=B_SPLINE_CURVE_WITH_KNOTS('',3,(#428,#429,#430,#431,#432,#433,#434,#435),
.UNSPECIFIED.,.F.,.F.,(4,1,1,1,1,4),(0.E0,2.E-1,4.E-1,6.E-1,8.E-1,1.E0),
.UNSPECIFIED.);
#445=B_SPLINE_CURVE_WITH_KNOTS('',3,(#437,#438,#439,#440,#441,#442,#443,#444),
.UNSPECIFIED.,.F.,.F.,(4,1,1,1,1,4),(0.E0,2.E-1,4.E-1,6.E-1,8.E-1,1.E0),
.UNSPECIFIED.);
#454=B_SPLINE_CURVE_WITH_KNOTS('',3,(#446,#447,#448,#449,#450,#451,#452,#453),
.UNSPECIFIED.,.F.,.F.,(4,1,1,1,1,4),(0.E0,2.E-1,4.E-1,6.E-1,8.E-1,1.E0),
.UNSPECIFIED.);
#463=B_SPLINE_CURVE_WITH_KNOTS('',3,(#455,#456,#457,#458,#459,#460,#461,#462),
.UNSPECIFIED.,.F.,.F.,(4,1,1,1,1,4),(0.E0,2.E-1,4.E-1,6.E-1,8.E-1,1.E0),
.UNSPECIFIED.);
#476=B_SPLINE_CURVE_WITH_KNOTS('',3,(#468,#469,#470,#471,#472,#473,#474,#475),
.UNSPECIFIED.,.F.,.F.,(4,1,1,1,1,4),(0.E0,2.E-1,4.E-1,6.E-1,8.E-1,1.E0),
.UNSPECIFIED.);
#485=B_SPLINE_CURVE_WITH_KNOTS('',3,(#477,#478,#479,#480,#481,#482,#483,#484),
.UNSPECIFIED.,.F.,.F.,(4,1,1,1,1,4),(0.E0,2.E-1,4.E-1,6.E-1,8.E-1,1.E0),
.UNSPECIFIED.);
#494=B_SPLINE_CURVE_WITH_KNOTS('',3,(#486,#487,#488,#489,#490,#491,#492,#493),
.UNSPECIFIED.,.F.,.F.,(4,1,1,1,1,4),(0.E0,2.E-1,4.E-1,6.E-1,8.E-1,1.E0),
.UNSPECIFIED.);
#503=B_SPLINE_CURVE_WITH_KNOTS('',3,(#495,#496,#497,#498,#499,#500,#501,#502),
.UNSPECIFIED.,.F.,.F.,(4,1,1,1,1,4),(0.E0,2.E-1,4.E-1,6.E-1,8.E-1,1.E0),
.UNSPECIFIED.);
#516=B_SPLINE_CURVE_WITH_KNOTS('',3,(#508,#509,#510,#511,#512,#513,#514,#515),
.UNSPECIFIED.,.F.,.F.,(4,1,1,1,1,4),(0.E0,2.E-1,4.E-1,6.E-1,8.E-1,1.E0),
.UNSPECIFIED.);
#525=B_SPLINE_CURVE_WITH_KNOTS('',3,(#517,#518,#519,#520,#521,#522,#523,#524),
.UNSPECIFIED.,.F.,.F.,(4,1,1,1,1,4),(0.E0,2.E-1,4.E-1,6.E-1,8.E-1,1.E0),
.UNSPECIFIED.);
#534=B_SPLINE_CURVE_WITH_KNOTS('',3,(#526,#527,#528,#529,#530,#531,#532,#533),
.UNSPECIFIED.,.F.,.F.,(4,1,1,1,1,4),(0.E0,2.E-1,4.E-1,6.E-1,8.E-1,1.E0),
.UNSPECIFIED.);
#543=B_SPLINE_CURVE_WITH_KNOTS('',3,(#535,#536,#537,#538,#539,#540,#541,#542),
.UNSPECIFIED.,.F.,.F.,(4,1,1,1,1,4),(0.E0,2.E-1,4.E-1,6.E-1,8.E-1,1.E0),
.UNSPECIFIED.);
#560=B_SPLINE_CURVE_WITH_KNOTS('',3,(#552,#553,#554,#555,#556,#557,#558,#559),
.UNSPECIFIED.,.F.,.F.,(4,1,1,1,1,4),(0.E0,2.E-1,4.E-1,6.E-1,8.E-1,1.E0),
.UNSPECIFIED.);
#569=B_SPLINE_CURVE_WITH_KNOTS('',3,(#561,#562,#563,#564,#565,#566,#567,#568),
.UNSPECIFIED.,.F.,.F.,(4,1,1,1,1,4),(0.E0,2.E-1,4.E-1,6.E-1,8.E-1,1.E0),
.UNSPECIFIED.);
#578=B_SPLINE_CURVE_WITH_KNOTS('',3,(#570,#571,#572,#573,#574,#575,#576,#577),
.UNSPECIFIED.,.F.,.F.,(4,1,1,1,1,4),(0.E0,2.E-1,4.E-1,6.E-1,8.E-1,1.E0),
.UNSPECIFIED.);
#587=B_SPLINE_CURVE_WITH_KNOTS('',3,(#579,#580,#581,#582,#583,#584,#585,#586),
.UNSPECIFIED.,.F.,.F.,(4,1,1,1,1,4),(0.E0,2.E-1,4.E-1,6.E-1,8.E-1,1.E0),
.UNSPECIFIED.);
#600=B_SPLINE_CURVE_WITH_KNOTS('',3,(#592,#593,#594,#595,#596,#597,#598,#599),
.UNSPECIFIED.,.F.,.F.,(4,1,1,1,1,4),(0.E0,2.E-1,4.E-1,6.E-1,8.E-1,1.E0),
.UNSPECIFIED.);
#609=B_SPLINE_CURVE_WITH_KNOTS('',3,(#601,#602,#603,#604,#605,#606,#607,#608),
.UNSPECIFIED.,.F.,.F.,(4,1,1,1,1,4),(0.E0,2.E-1,4.E-1,6.E-1,8.E-1,1.E0),
.UNSPECIFIED.);
#622=CIRCLE('',#621,3.2E0);
#627=CIRCLE('',#626,3.2E0);
#632=CIRCLE('',#631,3.663043316E0);
#637=CIRCLE('',#636,3.663043316E0);
#642=CIRCLE('',#641,3.663043316E0);
#647=CIRCLE('',#646,3.663043316E0);
#652=CIRCLE('',#651,3.663043316E0);
#657=CIRCLE('',#656,3.663043316E0);
#670=B_SPLINE_CURVE_WITH_KNOTS('',3,(#662,#663,#664,#665,#666,#667,#668,#669),
.UNSPECIFIED.,.F.,.F.,(4,1,1,1,1,4),(0.E0,2.E-1,4.E-1,6.E-1,8.E-1,1.E0),
.UNSPECIFIED.);
#677=B_SPLINE_CURVE_WITH_KNOTS('',3,(#671,#672,#673,#674,#675,#676),
.UNSPECIFIED.,.F.,.F.,(4,1,1,4),(0.E0,3.333333333333E-1,6.666666666667E-1,1.E0),
.UNSPECIFIED.);
#689=B_SPLINE_CURVE_WITH_KNOTS('',3,(#678,#679,#680,#681,#682,#683,#684,#685,
#686,#687,#688),.UNSPECIFIED.,.F.,.F.,(4,1,1,1,1,1,1,1,4),(0.E0,1.25E-1,2.5E-1,
3.75E-1,5.E-1,6.25E-1,7.5E-1,8.75E-1,1.E0),.UNSPECIFIED.);
#694=CIRCLE('',#693,4.E0);
#699=CIRCLE('',#698,4.E0);
#704=CIRCLE('',#703,4.E0);
#709=CIRCLE('',#708,4.E0);
#714=CIRCLE('',#713,4.E0);
#719=CIRCLE('',#718,4.E0);
#728=B_SPLINE_CURVE_WITH_KNOTS('',3,(#720,#721,#722,#723,#724,#725,#726,#727),
.UNSPECIFIED.,.F.,.F.,(4,1,1,1,1,4),(0.E0,2.E-1,4.E-1,6.E-1,8.E-1,1.E0),
.UNSPECIFIED.);
#737=B_SPLINE_CURVE_WITH_KNOTS('',3,(#729,#730,#731,#732,#733,#734,#735,#736),
.UNSPECIFIED.,.F.,.F.,(4,1,1,1,1,4),(0.E0,2.E-1,4.E-1,6.E-1,8.E-1,1.E0),
.UNSPECIFIED.);
#745=B_SPLINE_CURVE_WITH_KNOTS('',3,(#738,#739,#740,#741,#742,#743,#744),
.UNSPECIFIED.,.F.,.F.,(4,1,1,1,4),(0.E0,2.5E-1,5.E-1,7.5E-1,1.E0),
.UNSPECIFIED.);
#766=CIRCLE('',#765,4.E0);
#775=CIRCLE('',#774,4.E0);
#780=CIRCLE('',#779,4.E0);
#785=CIRCLE('',#784,4.E0);
#802=CIRCLE('',#801,1.E0);
#807=CIRCLE('',#806,4.E0);
#812=CIRCLE('',#811,3.934981192928E0);
#817=CIRCLE('',#816,1.E0);
#822=CIRCLE('',#821,4.E0);
#827=CIRCLE('',#826,4.208620689655E0);
#832=CIRCLE('',#831,3.934981192996E0);
#837=CIRCLE('',#836,4.208620689655E0);
#858=B_SPLINE_CURVE_WITH_KNOTS('',3,(#838,#839,#840,#841,#842,#843,#844,#845,
#846,#847,#848,#849,#850,#851,#852,#853,#854,#855,#856,#857),.UNSPECIFIED.,.F.,
.F.,(4,1,1,1,1,1,1,1,1,1,1,1,1,1,1,1,1,4),(0.E0,5.882352941176E-2,
1.176470588235E-1,1.764705882353E-1,2.352941176471E-1,2.941176470588E-1,
3.529411764706E-1,4.117647058824E-1,4.705882352941E-1,5.294117647059E-1,
5.882352941176E-1,6.470588235294E-1,7.058823529412E-1,7.647058823529E-1,
8.235294117647E-1,8.823529411765E-1,9.411764705882E-1,1.E0),.UNSPECIFIED.);
#866=B_SPLINE_CURVE_WITH_KNOTS('',3,(#859,#860,#861,#862,#863,#864,#865),
.UNSPECIFIED.,.F.,.F.,(4,1,1,1,4),(0.E0,2.5E-1,5.E-1,7.5E-1,1.E0),
.UNSPECIFIED.);
#894=B_SPLINE_CURVE_WITH_KNOTS('',3,(#867,#868,#869,#870,#871,#872,#873,#874,
#875,#876,#877,#878,#879,#880,#881,#882,#883,#884,#885,#886,#887,#888,#889,#890,
#891,#892,#893),.UNSPECIFIED.,.F.,.F.,(4,1,1,1,1,1,1,1,1,1,1,1,1,1,1,1,1,1,1,1,
1,1,1,1,4),(0.E0,4.166666666667E-2,8.333333333333E-2,1.25E-1,1.666666666667E-1,
2.083333333333E-1,2.5E-1,2.916666666667E-1,3.333333333333E-1,3.75E-1,
4.166666666667E-1,4.583333333333E-1,5.E-1,5.416666666667E-1,5.833333333333E-1,
6.25E-1,6.666666666667E-1,7.083333333333E-1,7.5E-1,7.916666666667E-1,
8.333333333333E-1,8.75E-1,9.166666666667E-1,9.583333333333E-1,1.E0),
.UNSPECIFIED.);
#906=B_SPLINE_CURVE_WITH_KNOTS('',3,(#899,#900,#901,#902,#903,#904,#905),
.UNSPECIFIED.,.F.,.F.,(4,1,1,1,4),(0.E0,2.5E-1,5.E-1,7.5E-1,1.E0),
.UNSPECIFIED.);
#938=B_SPLINE_CURVE_WITH_KNOTS('',3,(#911,#912,#913,#914,#915,#916,#917,#918,
#919,#920,#921,#922,#923,#924,#925,#926,#927,#928,#929,#930,#931,#932,#933,#934,
#935,#936,#937),.UNSPECIFIED.,.F.,.F.,(4,1,1,1,1,1,1,1,1,1,1,1,1,1,1,1,1,1,1,1,
1,1,1,1,4),(0.E0,4.166666666667E-2,8.333333333333E-2,1.25E-1,1.666666666667E-1,
2.083333333333E-1,2.5E-1,2.916666666667E-1,3.333333333333E-1,3.75E-1,
4.166666666667E-1,4.583333333333E-1,5.E-1,5.416666666667E-1,5.833333333333E-1,
6.25E-1,6.666666666667E-1,7.083333333333E-1,7.5E-1,7.916666666667E-1,
8.333333333333E-1,8.75E-1,9.166666666667E-1,9.583333333333E-1,1.E0),
.UNSPECIFIED.);
#966=B_SPLINE_CURVE_WITH_KNOTS('',3,(#939,#940,#941,#942,#943,#944,#945,#946,
#947,#948,#949,#950,#951,#952,#953,#954,#955,#956,#957,#958,#959,#960,#961,#962,
#963,#964,#965),.UNSPECIFIED.,.F.,.F.,(4,1,1,1,1,1,1,1,1,1,1,1,1,1,1,1,1,1,1,1,
1,1,1,1,4),(0.E0,4.166666666667E-2,8.333333333333E-2,1.25E-1,1.666666666667E-1,
2.083333333333E-1,2.5E-1,2.916666666667E-1,3.333333333333E-1,3.75E-1,
4.166666666667E-1,4.583333333333E-1,5.E-1,5.416666666667E-1,5.833333333333E-1,
6.25E-1,6.666666666667E-1,7.083333333333E-1,7.5E-1,7.916666666667E-1,
8.333333333333E-1,8.75E-1,9.166666666667E-1,9.583333333333E-1,1.E0),
.UNSPECIFIED.);
#971=CIRCLE('',#970,3.301261016633E0);
#976=CIRCLE('',#975,3.301261016633E0);
#993=B_SPLINE_CURVE_WITH_KNOTS('',3,(#985,#986,#987,#988,#989,#990,#991,#992),
.UNSPECIFIED.,.F.,.F.,(4,1,1,1,1,4),(0.E0,2.E-1,4.E-1,6.E-1,8.E-1,1.E0),
.UNSPECIFIED.);
#1005=B_SPLINE_CURVE_WITH_KNOTS('',3,(#994,#995,#996,#997,#998,#999,#1000,#1001,
#1002,#1003,#1004),.UNSPECIFIED.,.F.,.F.,(4,1,1,1,1,1,1,1,4),(0.E0,1.25E-1,
2.5E-1,3.75E-1,5.E-1,6.25E-1,7.5E-1,8.75E-1,1.E0),.UNSPECIFIED.);
#1014=B_SPLINE_CURVE_WITH_KNOTS('',3,(#1006,#1007,#1008,#1009,#1010,#1011,#1012,
#1013),.UNSPECIFIED.,.F.,.F.,(4,1,1,1,1,4),(0.E0,2.E-1,4.E-1,6.E-1,8.E-1,1.E0),
.UNSPECIFIED.);
#1026=B_SPLINE_CURVE_WITH_KNOTS('',3,(#1015,#1016,#1017,#1018,#1019,#1020,#1021,
#1022,#1023,#1024,#1025),.UNSPECIFIED.,.F.,.F.,(4,1,1,1,1,1,1,1,4),(0.E0,
1.25E-1,2.5E-1,3.75E-1,5.E-1,6.25E-1,7.5E-1,8.75E-1,1.E0),.UNSPECIFIED.);
#1055=CIRCLE('',#1054,2.825E0);
#1060=CIRCLE('',#1059,2.825E0);
#1065=CIRCLE('',#1064,2.825E0);
#1074=CIRCLE('',#1073,2.825E0);
#1079=CIRCLE('',#1078,2.825E0);
#1264=EDGE_CURVE('',#1176,#1177,#138,.T.);
#1266=EDGE_CURVE('',#1093,#1177,#171,.T.);
#1268=EDGE_CURVE('',#1093,#1091,#143,.T.);
#1270=EDGE_CURVE('',#1091,#1176,#147,.T.);
#1274=ADVANCED_FACE('',(#1273),#1263,.F.);
#1281=EDGE_CURVE('',#1177,#1176,#162,.T.);
#1285=EDGE_CURVE('',#1180,#1181,#152,.T.);
#1287=EDGE_CURVE('',#1181,#1180,#157,.T.);
#1291=ADVANCED_FACE('',(#1284,#1290),#1279,.T.);
#1299=EDGE_CURVE('',#1091,#1093,#167,.T.);
#1304=ADVANCED_FACE('',(#1303),#1296,.F.);
#1310=EDGE_CURVE('',#1099,#1089,#205,.T.);
#1312=EDGE_CURVE('',#1087,#1099,#200,.T.);
#1314=EDGE_CURVE('',#1093,#1087,#1042,.T.);
#1317=EDGE_CURVE('',#1091,#1089,#175,.T.);
#1321=ADVANCED_FACE('',(#1320),#1309,.F.);
#1327=EDGE_CURVE('',#1096,#1097,#180,.T.);
#1329=EDGE_CURVE('',#1097,#1096,#185,.T.);
#1333=EDGE_CURVE('',#1089,#1086,#190,.T.);
#1335=EDGE_CURVE('',#1086,#1087,#195,.T.);
#1341=ADVANCED_FACE('',(#1332,#1340),#1326,.F.);
#1348=EDGE_CURVE('',#1101,#1096,#223,.T.);
#1350=EDGE_CURVE('',#1101,#1103,#210,.T.);
#1352=EDGE_CURVE('',#1103,#1097,#214,.T.);
#1356=ADVANCED_FACE('',(#1355),#1346,.T.);
#1364=EDGE_CURVE('',#1103,#1101,#219,.T.);
#1369=ADVANCED_FACE('',(#1368),#1361,.T.);
#1376=EDGE_CURVE('',#1103,#1105,#227,.T.);
#1378=EDGE_CURVE('',#1107,#1105,#297,.T.);
#1380=EDGE_CURVE('',#1101,#1107,#231,.T.);
#1384=ADVANCED_FACE('',(#1383),#1374,.T.);
#1392=EDGE_CURVE('',#1105,#1107,#292,.T.);
#1397=ADVANCED_FACE('',(#1396),#1389,.T.);
#1403=EDGE_CURVE('',#1110,#1111,#236,.T.);
#1405=EDGE_CURVE('',#1111,#1113,#241,.T.);
#1407=EDGE_CURVE('',#1113,#1115,#245,.T.);
#1409=EDGE_CURVE('',#1115,#1117,#250,.T.);
#1411=EDGE_CURVE('',#1119,#1117,#551,.T.);
#1413=EDGE_CURVE('',#1119,#1121,#255,.T.);
#1415=EDGE_CURVE('',#1121,#1123,#259,.T.);
#1417=EDGE_CURVE('',#1123,#1125,#264,.T.);
#1419=EDGE_CURVE('',#1125,#1127,#269,.T.);
#1421=EDGE_CURVE('',#1127,#1129,#273,.T.);
#1423=EDGE_CURVE('',#1129,#1131,#278,.T.);
#1425=EDGE_CURVE('',#1133,#1131,#427,.T.);
#1427=EDGE_CURVE('',#1133,#1135,#283,.T.);
#1429=EDGE_CURVE('',#1135,#1110,#287,.T.);
#1437=ADVANCED_FACE('',(#1432,#1436),#1402,.T.);
#1443=EDGE_CURVE('',#1110,#1136,#306,.T.);
#1445=EDGE_CURVE('',#1136,#1113,#315,.T.);
#1451=ADVANCED_FACE('',(#1450),#1442,.T.);
#1457=EDGE_CURVE('',#1137,#1138,#337,.T.);
#1459=EDGE_CURVE('',#1137,#1136,#319,.T.);
#1463=EDGE_CURVE('',#1139,#1135,#445,.T.);
#1465=EDGE_CURVE('',#1141,#1139,#423,.T.);
#1467=EDGE_CURVE('',#1142,#1141,#410,.T.);
#1469=EDGE_CURVE('',#1138,#1142,#346,.T.);
#1473=ADVANCED_FACE('',(#1472),#1456,.T.);
#1479=EDGE_CURVE('',#1143,#1138,#342,.T.);
#1481=EDGE_CURVE('',#1143,#1137,#328,.T.);
#1486=ADVANCED_FACE('',(#1485),#1478,.T.);
#1494=EDGE_CURVE('',#1142,#1145,#351,.T.);
#1496=EDGE_CURVE('',#1145,#1147,#355,.T.);
#1498=EDGE_CURVE('',#1147,#1149,#360,.T.);
#1500=EDGE_CURVE('',#1149,#1151,#364,.T.);
#1502=EDGE_CURVE('',#1151,#1154,#369,.T.);
#1504=EDGE_CURVE('',#1154,#1155,#373,.T.);
#1506=EDGE_CURVE('',#1155,#1157,#378,.T.);
#1508=EDGE_CURVE('',#1157,#1159,#382,.T.);
#1510=EDGE_CURVE('',#1159,#1161,#387,.T.);
#1512=EDGE_CURVE('',#1161,#1143,#391,.T.);
#1516=EDGE_CURVE('',#1224,#1225,#396,.T.);
#1518=EDGE_CURVE('',#1225,#1224,#401,.T.);
#1522=ADVANCED_FACE('',(#1515,#1521),#1491,.T.);
#1530=EDGE_CURVE('',#1141,#1145,#419,.T.);
#1534=ADVANCED_FACE('',(#1533),#1527,.T.);
#1542=EDGE_CURVE('',#1133,#1139,#436,.T.);
#1545=EDGE_CURVE('',#1162,#1131,#463,.T.);
#1547=EDGE_CURVE('',#1164,#1162,#467,.T.);
#1549=EDGE_CURVE('',#1147,#1164,#476,.T.);
#1554=ADVANCED_FACE('',(#1553),#1539,.T.);
#1565=ADVANCED_FACE('',(#1564),#1559,.T.);
#1571=EDGE_CURVE('',#1129,#1162,#454,.T.);
#1577=ADVANCED_FACE('',(#1576),#1570,.T.);
#1583=EDGE_CURVE('',#1164,#1149,#485,.T.);
#1588=EDGE_CURVE('',#1165,#1127,#503,.T.);
#1590=EDGE_CURVE('',#1167,#1165,#507,.T.);
#1592=EDGE_CURVE('',#1151,#1167,#516,.T.);
#1597=ADVANCED_FACE('',(#1596),#1582,.T.);
#1608=ADVANCED_FACE('',(#1607),#1602,.T.);
#1616=EDGE_CURVE('',#1123,#1165,#494,.T.);
#1621=ADVANCED_FACE('',(#1620),#1613,.T.);
#1627=EDGE_CURVE('',#1167,#1154,#525,.T.);
#1632=EDGE_CURVE('',#1168,#1121,#543,.T.);
#1634=EDGE_CURVE('',#1170,#1168,#547,.T.);
#1636=EDGE_CURVE('',#1155,#1170,#560,.T.);
#1641=ADVANCED_FACE('',(#1640),#1626,.T.);
#1652=ADVANCED_FACE('',(#1651),#1646,.T.);
#1658=EDGE_CURVE('',#1119,#1168,#534,.T.);
#1664=ADVANCED_FACE('',(#1663),#1657,.T.);
#1670=EDGE_CURVE('',#1170,#1157,#569,.T.);
#1675=EDGE_CURVE('',#1171,#1117,#578,.T.);
#1677=EDGE_CURVE('',#1173,#1171,#591,.T.);
#1679=EDGE_CURVE('',#1159,#1173,#600,.T.);
#1684=ADVANCED_FACE('',(#1683),#1669,.T.);
#1695=ADVANCED_FACE('',(#1694),#1689,.T.);
#1703=EDGE_CURVE('',#1115,#1171,#587,.T.);
#1707=ADVANCED_FACE('',(#1706),#1700,.T.);
#1713=EDGE_CURVE('',#1173,#1161,#609,.T.);
#1724=ADVANCED_FACE('',(#1723),#1712,.T.);
#1735=ADVANCED_FACE('',(#1734),#1729,.T.);
#1742=EDGE_CURVE('',#1213,#1225,#617,.T.);
#1744=EDGE_CURVE('',#1212,#1213,#622,.T.);
#1746=EDGE_CURVE('',#1212,#1224,#613,.T.);
#1750=ADVANCED_FACE('',(#1749),#1740,.T.);
#1758=EDGE_CURVE('',#1213,#1212,#627,.T.);
#1763=ADVANCED_FACE('',(#1762),#1755,.T.);
#1769=EDGE_CURVE('',#1252,#1195,#632,.T.);
#1771=EDGE_CURVE('',#1195,#1193,#637,.T.);
#1773=EDGE_CURVE('',#1196,#1193,#1038,.T.);
#1775=EDGE_CURVE('',#1196,#1201,#642,.T.);
#1777=EDGE_CURVE('',#1203,#1201,#980,.T.);
#1779=EDGE_CURVE('',#1203,#1205,#647,.T.);
#1781=EDGE_CURVE('',#1205,#1207,#652,.T.);
#1783=EDGE_CURVE('',#1209,#1207,#757,.T.);
#1785=EDGE_CURVE('',#1209,#1254,#657,.T.);
#1787=EDGE_CURVE('',#1254,#1252,#661,.T.);
#1795=ADVANCED_FACE('',(#1790,#1794),#1768,.F.);
#1801=EDGE_CURVE('',#1252,#1250,#670,.T.);
#1803=EDGE_CURVE('',#1250,#1192,#677,.T.);
#1805=EDGE_CURVE('',#1192,#1193,#689,.T.);
#1811=ADVANCED_FACE('',(#1810),#1800,.T.);
#1819=EDGE_CURVE('',#1247,#1254,#728,.T.);
#1821=EDGE_CURVE('',#1247,#1250,#694,.T.);
#1825=ADVANCED_FACE('',(#1824),#1816,.F.);
#1831=EDGE_CURVE('',#1251,#1238,#1030,.T.);
#1833=EDGE_CURVE('',#1251,#1256,#699,.T.);
#1835=EDGE_CURVE('',#1256,#1238,#704,.T.);
#1839=ADVANCED_FACE('',(#1838),#1830,.F.);
#1845=EDGE_CURVE('',#1246,#1243,#749,.T.);
#1847=EDGE_CURVE('',#1243,#1258,#709,.T.);
#1849=EDGE_CURVE('',#1258,#1246,#714,.T.);
#1853=ADVANCED_FACE('',(#1852),#1844,.F.);
#1859=EDGE_CURVE('',#1239,#1242,#858,.T.);
#1861=EDGE_CURVE('',#1239,#1242,#719,.T.);
#1865=ADVANCED_FACE('',(#1864),#1858,.F.);
#1873=EDGE_CURVE('',#1209,#1216,#737,.T.);
#1875=EDGE_CURVE('',#1216,#1247,#745,.T.);
#1879=ADVANCED_FACE('',(#1878),#1870,.T.);
#1886=EDGE_CURVE('',#1246,#1216,#753,.T.);
#1890=EDGE_CURVE('',#1214,#1207,#1005,.T.);
#1892=EDGE_CURVE('',#1215,#1214,#984,.T.);
#1894=EDGE_CURVE('',#1217,#1215,#894,.T.);
#1896=EDGE_CURVE('',#1217,#1243,#761,.T.);
#1900=ADVANCED_FACE('',(#1899),#1884,.T.);
#1906=EDGE_CURVE('',#1238,#1239,#766,.T.);
#1908=EDGE_CURVE('',#1199,#1239,#906,.T.);
#1910=EDGE_CURVE('',#1199,#1238,#770,.T.);
#1914=ADVANCED_FACE('',(#1913),#1905,.T.);
#1920=EDGE_CURVE('',#1242,#1243,#775,.T.);
#1923=EDGE_CURVE('',#1242,#1217,#866,.T.);
#1927=ADVANCED_FACE('',(#1926),#1919,.T.);
#1933=EDGE_CURVE('',#1246,#1247,#780,.T.);
#1939=ADVANCED_FACE('',(#1938),#1932,.T.);
#1945=EDGE_CURVE('',#1250,#1251,#785,.T.);
#1947=EDGE_CURVE('',#1251,#1192,#789,.T.);
#1952=ADVANCED_FACE('',(#1951),#1944,.T.);
#1958=EDGE_CURVE('',#1229,#1258,#793,.T.);
#1965=EDGE_CURVE('',#1256,#1228,#797,.T.);
#1967=EDGE_CURVE('',#1229,#1228,#822,.T.);
#1971=ADVANCED_FACE('',(#1970),#1957,.T.);
#1984=EDGE_CURVE('',#1228,#1229,#807,.T.);
#1988=ADVANCED_FACE('',(#1987),#1976,.T.);
#1994=EDGE_CURVE('',#1231,#1228,#802,.T.);
#1997=EDGE_CURVE('',#1233,#1229,#817,.T.);
#1999=EDGE_CURVE('',#1233,#1231,#812,.T.);
#2003=ADVANCED_FACE('',(#2002),#1993,.T.);
#2010=EDGE_CURVE('',#1233,#1231,#832,.T.);
#2016=ADVANCED_FACE('',(#2015),#2008,.T.);
#2022=EDGE_CURVE('',#1235,#1231,#837,.T.);
#2024=EDGE_CURVE('',#1235,#1233,#827,.T.);
#2029=ADVANCED_FACE('',(#2028),#2021,.T.);
#2040=ADVANCED_FACE('',(#2039),#2034,.T.);
#2049=EDGE_CURVE('',#1221,#1215,#910,.T.);
#2051=EDGE_CURVE('',#1220,#1221,#971,.T.);
#2053=EDGE_CURVE('',#1220,#1199,#898,.T.);
#2058=ADVANCED_FACE('',(#2057),#2045,.T.);
#2064=EDGE_CURVE('',#1221,#1220,#976,.T.);
#2067=EDGE_CURVE('',#1215,#1198,#938,.T.);
#2069=EDGE_CURVE('',#1198,#1199,#966,.T.);
#2074=ADVANCED_FACE('',(#2073),#2063,.T.);
#2084=ADVANCED_FACE('',(#2083),#2079,.T.);
#2090=EDGE_CURVE('',#1203,#1214,#993,.T.);
#2093=EDGE_CURVE('',#1197,#1201,#1026,.T.);
#2095=EDGE_CURVE('',#1198,#1197,#1034,.T.);
#2101=ADVANCED_FACE('',(#2100),#2089,.T.);
#2113=ADVANCED_FACE('',(#2112),#2106,.T.);
#2120=EDGE_CURVE('',#1196,#1197,#1014,.T.);
#2125=ADVANCED_FACE('',(#2124),#2118,.T.);
#2141=ADVANCED_FACE('',(#2140),#2130,.T.);
#2154=ADVANCED_FACE('',(#2153),#2146,.F.);
#2161=EDGE_CURVE('',#1181,#1185,#1050,.T.);
#2163=EDGE_CURVE('',#1184,#1185,#1074,.T.);
#2165=EDGE_CURVE('',#1180,#1184,#1046,.T.);
#2169=ADVANCED_FACE('',(#2168),#2159,.F.);
#2177=EDGE_CURVE('',#1187,#1184,#1060,.T.);
#2179=EDGE_CURVE('',#1185,#1187,#1079,.T.);
#2184=ADVANCED_FACE('',(#2183),#2174,.F.);
#2190=EDGE_CURVE('',#1190,#1191,#1055,.T.);
#2192=EDGE_CURVE('',#1187,#1191,#1083,.T.);
#2195=EDGE_CURVE('',#1190,#1184,#1069,.T.);
#2199=ADVANCED_FACE('',(#2198),#2189,.F.);
#2206=EDGE_CURVE('',#1191,#1190,#1065,.T.);
#2210=ADVANCED_FACE('',(#2209),#2204,.T.);
#2223=ADVANCED_FACE('',(#2222),#2215,.F.);
#2226=(LENGTH_UNIT()NAMED_UNIT(*)SI_UNIT(.MILLI.,.METRE.));
#2227=(NAMED_UNIT(*)PLANE_ANGLE_UNIT()SI_UNIT($,.RADIAN.));
#2230=(NAMED_UNIT(*)SI_UNIT($,.STERADIAN.)SOLID_ANGLE_UNIT());
#2232=(GEOMETRIC_REPRESENTATION_CONTEXT(3)GLOBAL_UNCERTAINTY_ASSIGNED_CONTEXT((
#2231))GLOBAL_UNIT_ASSIGNED_CONTEXT((#2226,#2229,#2230))REPRESENTATION_CONTEXT(
'ID1','3'));
#2233=ADVANCED_BREP_SHAPE_REPRESENTATION('',(#2225),#2232);
#2240=PRODUCT_DEFINITION('part definition','',#2239,#2236);
#2241=PRODUCT_DEFINITION_SHAPE('','SHAPE FOR C-2195892-1.',#2240);
#2242=SHAPE_ASPECT('','solid data associated with C-2195892-1',#2241,.F.);
#2243=PROPERTY_DEFINITION('',
'shape for solid data with which properties are associated',#2242);
#2244=SHAPE_REPRESENTATION('',(#2225),#2232);
#2245=SHAPE_DEFINITION_REPRESENTATION(#2243,#2244);
#2246=(LENGTH_UNIT()NAMED_UNIT(*)SI_UNIT(.MILLI.,.METRE.));
#2250=PROPERTY_DEFINITION('geometric validation property','area of C-2195892-1',
#2242);
#2251=REPRESENTATION('surface area',(#2249),#2232);
#2252=PROPERTY_DEFINITION_REPRESENTATION(#2250,#2251);
#2253=(LENGTH_UNIT()NAMED_UNIT(*)SI_UNIT(.MILLI.,.METRE.));
#2257=PROPERTY_DEFINITION('geometric validation property',
'volume of C-2195892-1',#2242);
#2258=REPRESENTATION('volume',(#2256),#2232);
#2259=PROPERTY_DEFINITION_REPRESENTATION(#2257,#2258);
#2261=PROPERTY_DEFINITION('geometric validation property',
'centroid of C-2195892-1',#2242);
#2262=REPRESENTATION('centroid',(#2260),#2232);
#2263=PROPERTY_DEFINITION_REPRESENTATION(#2261,#2262);
#2264=(LENGTH_UNIT()NAMED_UNIT(*)SI_UNIT(.MILLI.,.METRE.));
#2268=PROPERTY_DEFINITION('geometric validation property','area of C-2195892-1',
#2241);
#2269=REPRESENTATION('surface area',(#2267),#2232);
#2270=PROPERTY_DEFINITION_REPRESENTATION(#2268,#2269);
#2271=(LENGTH_UNIT()NAMED_UNIT(*)SI_UNIT(.MILLI.,.METRE.));
#2275=PROPERTY_DEFINITION('geometric validation property',
'volume of C-2195892-1',#2241);
#2276=REPRESENTATION('volume',(#2274),#2232);
#2277=PROPERTY_DEFINITION_REPRESENTATION(#2275,#2276);
#2279=PROPERTY_DEFINITION('geometric validation property',
'centroid of C-2195892-1',#2241);
#2280=REPRESENTATION('centroid',(#2278),#2232);
#2281=PROPERTY_DEFINITION_REPRESENTATION(#2279,#2280);
#2282=SHAPE_DEFINITION_REPRESENTATION(#2241,#2233);
#2284=PROPERTY_DEFINITION('DESC','user defined attribute',#2240);
#2288=REPRESENTATION('',(#2287),#2232);
#2289=PROPERTY_DEFINITION_REPRESENTATION(#2284,#2288);
#2290=PROPERTY_DEFINITION('DOC_STATUS','user defined attribute',#2240);
#2294=REPRESENTATION('',(#2293),#2232);
#2295=PROPERTY_DEFINITION_REPRESENTATION(#2290,#2294);
#2296=PROPERTY_DEFINITION('DWG_TITLE','user defined attribute',#2240);
#2300=REPRESENTATION('',(#2299),#2232);
#2301=PROPERTY_DEFINITION_REPRESENTATION(#2296,#2300);
#2302=PROPERTY_DEFINITION('DWG_TITLE_2','user defined attribute',#2240);
#2306=REPRESENTATION('',(#2305),#2232);
#2307=PROPERTY_DEFINITION_REPRESENTATION(#2302,#2306);
#2308=PROPERTY_DEFINITION('PART_NO','user defined attribute',#2240);
#2312=REPRESENTATION('',(#2311),#2232);
#2313=PROPERTY_DEFINITION_REPRESENTATION(#2308,#2312);
#2314=PROPERTY_DEFINITION('MOD_NUM','user defined attribute',#2240);
#2318=REPRESENTATION('',(#2317),#2232);
#2319=PROPERTY_DEFINITION_REPRESENTATION(#2314,#2318);
#2320=PROPERTY_DEFINITION('PART_REV','user defined attribute',#2240);
#2324=REPRESENTATION('',(#2323),#2232);
#2325=PROPERTY_DEFINITION_REPRESENTATION(#2320,#2324);
#2326=PROPERTY_DEFINITION('COMMENTS','user defined attribute',#2240);
#2330=REPRESENTATION('',(#2329),#2232);
#2331=PROPERTY_DEFINITION_REPRESENTATION(#2326,#2330);
#2332=PROPERTY_DEFINITION('EXPORT_RESTRICTED','user defined attribute',#2240);
#2336=REPRESENTATION('',(#2335),#2232);
#2337=PROPERTY_DEFINITION_REPRESENTATION(#2332,#2336);
#2338=PROPERTY_DEFINITION('PTC_MODIFIED','user defined attribute',#2240);
#2342=REPRESENTATION('',(#2341),#2232);
#2343=PROPERTY_DEFINITION_REPRESENTATION(#2338,#2342);
#2345=REPRESENTATION('',(#2344),#2232);
#2346=PROPERTY_DEFINITION('attribute type designation','Yes No',#2339);
#2347=PROPERTY_DEFINITION_REPRESENTATION(#2346,#2345);
#2348=PROPERTY_DEFINITION('PTC_WM_REVISION','user defined attribute',#2240);
#2352=REPRESENTATION('',(#2351),#2232);
#2353=PROPERTY_DEFINITION_REPRESENTATION(#2348,#2352);
#2354=PROPERTY_DEFINITION('PTC_WM_ITERATION','user defined attribute',#2240);
#2358=REPRESENTATION('',(#2357),#2232);
#2359=PROPERTY_DEFINITION_REPRESENTATION(#2354,#2358);
#2360=PROPERTY_DEFINITION('PTC_WM_VERSION','user defined attribute',#2240);
#2364=REPRESENTATION('',(#2363),#2232);
#2365=PROPERTY_DEFINITION_REPRESENTATION(#2360,#2364);
#2366=PROPERTY_DEFINITION('PTC_WM_LIFECYCLE_STATE','user defined attribute',
#2240);
#2370=REPRESENTATION('',(#2369),#2232);
#2371=PROPERTY_DEFINITION_REPRESENTATION(#2366,#2370);
#2372=PROPERTY_DEFINITION('PTC_WM_LIFECYCLE','user defined attribute',#2240);
#2376=REPRESENTATION('',(#2375),#2232);
#2377=PROPERTY_DEFINITION_REPRESENTATION(#2372,#2376);
#2378=PROPERTY_DEFINITION('PTC_WM_LOCATION','user defined attribute',#2240);
#2382=REPRESENTATION('',(#2381),#2232);
#2383=PROPERTY_DEFINITION_REPRESENTATION(#2378,#2382);
#2384=PROPERTY_DEFINITION('PTC_WM_CREATED_BY','user defined attribute',#2240);
#2388=REPRESENTATION('',(#2387),#2232);
#2389=PROPERTY_DEFINITION_REPRESENTATION(#2384,#2388);
#2390=PROPERTY_DEFINITION('PTC_WM_CREATED_ON','user defined attribute',#2240);
#2394=REPRESENTATION('',(#2393),#2232);
#2395=PROPERTY_DEFINITION_REPRESENTATION(#2390,#2394);
#2396=PROPERTY_DEFINITION('PTC_WM_MODIFIED_BY','user defined attribute',#2240);
#2400=REPRESENTATION('',(#2399),#2232);
#2401=PROPERTY_DEFINITION_REPRESENTATION(#2396,#2400);
#2402=PROPERTY_DEFINITION('PTC_WM_MODIFIED_ON','user defined attribute',#2240);
#2406=REPRESENTATION('',(#2405),#2232);
#2407=PROPERTY_DEFINITION_REPRESENTATION(#2402,#2406);
#2408=PROPERTY_DEFINITION('PTC_WM_TEAM','user defined attribute',#2240);
#2412=REPRESENTATION('',(#2411),#2232);
#2413=PROPERTY_DEFINITION_REPRESENTATION(#2408,#2412);
#2414=PROPERTY_DEFINITION('DOC_NUMBER','user defined attribute',#2240);
#2418=REPRESENTATION('',(#2417),#2232);
#2419=PROPERTY_DEFINITION_REPRESENTATION(#2414,#2418);
#2420=PROPERTY_DEFINITION('PTC_ORGANIZATION_ID','user defined attribute',#2240);
#2424=REPRESENTATION('',(#2423),#2232);
#2425=PROPERTY_DEFINITION_REPRESENTATION(#2420,#2424);
#2426=PROPERTY_DEFINITION('PTC_COMMON_NAME','user defined attribute',#2240);
#2430=REPRESENTATION('',(#2429),#2232);
#2431=PROPERTY_DEFINITION_REPRESENTATION(#2426,#2430);
ENDSEC;
END-ISO-10303-21;
